Team,Position,Shirt number,Name,Minutes played,Games played,Percentage of games played,Full games played,Percentage of full games played,Games started,Percentage of games started,Games where substituted,Percentage of games where substituted,Yellow Cards,Red Cards,Second Yellows,Goals scored,Penalties scored,Own goals,Goals conceded while player on pitch,Tackles,Interceptions,Recoveries,Clearances,Successful tackles,Unssuccessful tackles,Last man,Successful duels,Duels lost,Successful aerial challenges,Unsuccessful aerial challenges,Offsides,Fouls suffered,Fouls committed,Penalties won,Penalties given away,Handballs committed,Fouls committed per card,Shots,Shots on target,Assists,Successful dribbles,Unsuccessful dribbles,Goals scored,From inside the area,From outside the area,Goals with left foot,Goals with right foot,Penalties scored,Goals scored with header,Goals from set piece,Crosses,Corners,Tackles,Duels,Man-to-man duels,Aerial duels,Passes,Short passes,Long passes,Through balls,Goals scored per attempt
Athletic Club,Goalkeeper,,Hodei Oleaga,0,0,"0,0%",0,"0,0%",0,"0,0%",0,"0,0%",0,0,0,0,0,0,0,0,0,0,0,0,0,0,0,0,0,0,0,0,0,0,0,0,0,0,0,0,0,0,0,0,0,0,0,0,0,0,0,0,0,0,0,0,0,0,0,0,0
Athletic Club,Goalkeeper,1,A. Remiro,0,0,"0,0%",0,"0,0%",0,"0,0%",0,"0,0%",0,0,0,0,0,0,0,0,0,0,0,0,0,0,0,0,0,0,0,0,0,0,0,0,0,0,0,0,0,0,0,0,0,0,0,0,0,0,0,0,0,0,0,0,0,0,0,0,0
Athletic Club,Goalkeeper,13,Herrerín,73,1,"81,0%",1,"81,0%",1,"81,0%",0,"0,0%",0,0,0,0,0,0,1,0,0,6,1,0,0,0,0,0,1,0,0,0,0,0,0,0,0,0,0,0,0,0,0,0,0,0,0,0,0,0,0,0,0,1,0,1,23,3,20,0,0
Athletic Club,Goalkeeper,25,Unai Simón,79,1,"2,0%",1,"2,0%",1,"2,0%",0,"0,0%",0,0,0,0,0,0,2,0,0,7,0,0,0,0,0,0,0,0,0,0,0,0,0,0,0,0,0,0,0,0,0,0,0,0,0,0,0,0,0,0,0,0,0,0,19,6,13,0,0
Athletic Club,Defender,3,Núñez,30,0,"1,0%",0,"1,0%",0,"1,0%",0,"0,0%",0,0,0,0,0,0,0,0,1,1,2,0,0,0,1,1,1,1,0,0,0,0,0,0,0,0,0,0,0,0,0,0,0,0,0,0,0,0,0,0,0,3,1,2,15,13,2,0,0
Athletic Club,Defender,4,I. Martínez,76,1,"86,0%",1,"84,0%",1,"86,0%",0,"3,0%",0,0,0,0,0,0,1,0,2,5,4,1,1,0,3,1,3,2,0,1,1,0,0,0,1,1,0,0,0,0,0,0,0,0,0,0,0,0,0,0,1,9,4,4,38,28,10,0,0
Athletic Club,Defender,5,Yeray,69,1,"78,0%",1,"73,0%",1,"78,0%",0,"5,0%",0,0,0,0,0,0,1,0,2,4,4,1,1,0,2,1,3,2,0,1,1,0,0,0,1,0,0,0,0,0,0,0,0,0,0,0,0,0,0,0,1,8,3,5,34,28,6,0,0
Athletic Club,Defender,6,San José,45,1,"86,0%",0,"41,0%",0,"43,0%",1,"46,0%",0,0,0,0,0,0,1,0,1,3,1,1,0,0,1,2,2,1,0,0,1,0,0,0,0,0,0,0,0,0,0,0,0,0,0,0,0,0,0,0,1,6,4,3,19,17,2,0,0
Athletic Club,Defender,12,Yuri B.,82,1,"92,0%",1,"86,0%",1,"92,0%",0,"5,0%",0,0,0,0,0,0,1,0,1,7,2,1,0,0,4,3,2,1,0,2,1,0,0,0,0,1,0,0,1,1,0,0,0,0,0,0,0,0,3,0,1,10,7,3,36,34,2,0,0
Athletic Club,Defender,15,I. Lekue,6,0,"0,0%",0,"0,0%",0,"0,0%",0,"0,0%",0,0,0,0,0,0,0,0,0,0,0,0,0,0,0,0,0,0,0,0,0,0,0,0,0,0,0,0,0,0,0,0,0,0,0,0,0,0,0,0,0,1,1,0,3,2,0,0,0
Athletic Club,Defender,24,Balenziaga,14,0,"27,0%",0,"11,0%",0,"14,0%",0,"16,0%",0,0,0,0,0,0,0,0,0,1,0,0,0,0,0,0,0,0,0,0,0,0,0,0,0,0,0,0,0,0,0,0,0,0,0,0,0,0,0,0,0,1,1,0,5,4,1,0,0
Athletic Club,Midfielder,,Nolaskoain,33,1,"2,0%",0,"1,0%",0,"1,0%",0,"1,0%",0,0,0,0,0,0,1,0,1,2,1,1,0,0,1,1,1,1,0,0,0,0,0,0,0,0,0,0,0,0,0,0,0,0,0,0,0,0,0,0,1,4,2,2,20,18,2,0,0
Athletic Club,Midfielder,7,Beñat,54,1,"70,0%",0,"24,0%",1,"65,0%",0,"46,0%",0,0,0,0,0,0,1,0,1,5,0,1,1,0,2,3,1,0,0,0,1,0,0,0,0,0,0,0,0,0,0,0,0,0,0,0,0,0,1,2,1,6,5,1,31,27,4,0,0
Athletic Club,Midfielder,8,Iturraspe,3,0,"0,0%",0,"0,0%",0,"0,0%",0,"0,0%",0,0,0,0,0,0,0,0,0,0,0,0,0,0,0,0,0,0,0,0,0,0,0,0,0,0,0,0,0,0,0,0,0,0,0,0,0,0,0,0,0,0,0,0,3,3,0,0,0
Athletic Club,Midfielder,11,Córdoba,36,1,"2,0%",0,"0,0%",0,"1,0%",1,"1,0%",0,0,0,0,0,0,1,0,1,3,0,1,0,0,2,3,1,1,0,1,1,0,0,0,0,0,0,0,1,1,0,0,0,0,0,0,0,0,1,0,1,6,5,1,11,10,1,0,0
Athletic Club,Midfielder,14,Susaeta,37,1,"2,0%",0,"1,0%",0,"1,0%",0,"1,0%",0,0,0,0,0,0,1,0,0,2,0,0,0,0,1,2,0,1,0,0,0,0,0,0,0,0,0,0,0,1,0,0,0,0,0,0,0,0,2,1,1,4,3,1,14,14,1,0,0
Athletic Club,Midfielder,16,Dani García,65,1,"76,0%",1,"62,0%",1,"76,0%",0,"14,0%",0,0,0,0,0,0,1,0,1,5,1,1,1,0,2,2,2,1,0,1,1,0,0,0,1,0,0,0,0,0,0,0,0,0,0,0,0,0,0,0,2,7,5,2,37,32,5,0,0
Athletic Club,Midfielder,17,Mikel Rico,7,0,"0,0%",0,"0,0%",0,"0,0%",0,"0,0%",0,0,0,0,0,0,0,0,0,1,0,0,0,0,0,1,0,0,0,0,0,0,0,0,0,0,0,0,0,0,0,0,0,0,0,0,0,0,0,0,0,1,1,0,3,3,0,0,0
Athletic Club,Midfielder,18,De Marcos,67,1,"2,0%",1,"2,0%",1,"2,0%",0,"1,0%",0,0,0,0,0,0,1,0,1,3,1,1,1,0,2,3,1,1,0,0,1,0,0,0,0,0,0,0,0,0,0,0,0,0,0,0,0,0,2,0,2,7,5,2,29,26,3,0,0
Athletic Club,Midfielder,19,Ibai,54,1,"84,0%",0,"24,0%",1,"62,0%",1,"59,0%",0,0,0,0,0,0,1,0,0,3,1,0,0,0,1,2,0,1,0,0,0,0,0,0,0,1,0,0,1,1,0,0,0,0,0,0,0,0,2,1,1,4,3,1,19,17,2,0,0
Athletic Club,Midfielder,21,Capa,43,1,"65,0%",0,"38,0%",0,"43,0%",0,"27,0%",0,0,0,0,0,0,1,0,1,2,1,1,0,0,2,3,1,0,0,0,1,0,0,0,1,0,0,0,1,1,0,0,0,0,0,0,0,0,1,0,1,6,5,1,18,16,3,0,0
Athletic Club,Midfielder,22,Raúl García,63,1,"86,0%",0,"35,0%",1,"70,0%",1,"51,0%",0,0,0,0,0,0,1,0,1,3,1,1,1,0,3,4,5,4,0,2,3,0,0,0,1,2,1,0,0,0,0,0,0,0,2,0,0,0,1,0,2,17,8,9,24,21,2,0,0
Athletic Club,Midfielder,23,Unai López,10,0,"1,0%",0,"0,0%",0,"0,0%",0,"1,0%",0,0,0,0,0,0,0,0,0,1,0,0,0,0,1,0,0,0,0,0,0,0,0,0,0,0,0,0,0,0,0,0,0,0,0,0,0,0,0,0,0,1,1,0,7,7,1,0,0
Athletic Club,Midfielder,32,Iñigo Vicente,0,0,"0,0%",0,"0,0%",0,"0,0%",0,"0,0%",0,0,0,0,0,0,0,0,0,0,0,0,0,0,0,0,0,0,0,0,0,0,0,0,0,0,0,0,0,0,0,0,0,0,0,0,0,0,0,0,0,0,0,0,0,0,0,0,0
Athletic Club,Forward,,Gorka Guruzeta,2,0,"1,0%",0,"0,0%",0,"0,0%",0,"1,0%",0,0,0,0,0,0,0,0,0,0,0,0,0,0,0,0,0,1,0,0,0,0,0,0,0,0,0,0,0,0,0,0,0,0,0,0,0,0,0,0,0,1,0,1,0,0,0,0,0
Athletic Club,Forward,2,Kenan Kodro,4,0,"1,0%",0,"0,0%",0,"0,0%",0,"1,0%",0,0,0,0,0,0,0,0,0,0,0,0,0,0,0,0,0,0,0,0,0,0,0,0,0,0,0,0,0,0,0,0,0,0,0,0,0,0,0,0,0,1,1,0,1,1,0,0,0
Athletic Club,Forward,9,Williams,80,1,"100,0%",1,"51,0%",1,"95,0%",1,"49,0%",0,0,0,0,0,0,1,0,0,2,1,1,0,0,3,4,2,3,1,1,1,0,0,0,0,2,1,0,1,1,0,0,0,0,0,0,0,0,1,0,1,12,7,5,18,18,0,0,0
Athletic Club,Forward,10,Muniain ,63,1,"89,0%",0,"41,0%",1,"70,0%",1,"49,0%",0,0,0,0,0,0,1,0,0,4,0,1,0,0,4,4,0,1,0,2,1,0,0,0,0,1,0,0,2,1,0,0,0,0,1,0,0,0,1,0,1,9,8,1,31,30,1,0,0
Athletic Club,Forward,20,Aduriz,25,1,"51,0%",0,"11,0%",0,"27,0%",0,"41,0%",0,0,0,0,0,0,0,0,0,1,0,0,0,0,0,1,1,2,0,0,1,0,0,0,0,1,0,0,0,0,0,0,0,0,2,0,0,0,0,0,0,4,1,3,6,6,0,0,0
Atlético de Madrid,Goalkeeper,,Alex Dos Santos,0,0,"0,0%",0,"0,0%",0,"0,0%",0,"0,0%",0,0,0,0,0,0,0,0,0,0,0,0,0,0,0,0,0,0,0,0,0,0,0,0,0,0,0,0,0,0,0,0,0,0,0,0,0,0,0,0,0,0,0,0,0,0,0,0,0
Atlético de Madrid,Goalkeeper,1,Adán,2,0,"0,0%",0,"0,0%",0,"0,0%",0,"0,0%",0,0,0,0,0,0,0,0,0,0,0,0,0,0,0,0,0,0,0,0,0,0,0,0,0,0,0,0,0,0,0,0,0,0,0,0,0,0,0,0,0,0,0,0,1,0,0,0,0
Atlético de Madrid,Goalkeeper,13,Oblak ,90,1,"3,0%",1,"3,0%",1,"3,0%",0,"0,0%",0,0,0,0,0,0,1,0,0,7,1,0,0,0,0,0,0,0,0,0,0,0,0,0,0,0,0,0,0,0,0,0,0,0,0,0,0,0,0,0,0,0,0,0,21,4,17,0,0
Atlético de Madrid,Defender,2,Godín,66,1,"78,0%",1,"70,0%",1,"73,0%",0,"8,0%",0,0,0,0,0,0,1,0,1,4,4,1,1,0,2,1,2,2,0,1,1,0,0,0,0,0,0,0,0,0,0,0,0,0,0,0,0,0,0,0,1,7,3,4,28,23,5,0,0
Atlético de Madrid,Defender,3,Filipe Luis,54,1,"70,0%",0,"38,0%",1,"62,0%",0,"32,0%",0,0,0,0,0,0,1,0,1,4,1,1,1,0,3,2,1,0,0,0,1,0,0,0,0,0,0,0,1,0,0,0,0,0,0,0,0,0,1,0,2,5,5,1,34,31,3,0,0
Atlético de Madrid,Defender,4,Arias,51,1,"2,0%",1,"1,0%",1,"2,0%",0,"1,0%",0,0,0,0,0,0,0,0,1,3,1,1,1,0,3,1,1,1,0,1,1,0,0,0,0,0,0,0,0,0,0,0,0,0,0,0,0,0,2,0,1,6,4,2,23,21,1,0,0
Atlético de Madrid,Defender,15,Savić,39,1,"1,0%",0,"1,0%",1,"1,0%",0,"0,0%",0,0,0,0,0,0,0,0,1,2,2,0,0,0,1,1,1,1,0,0,0,0,0,0,0,0,0,0,0,0,0,0,0,0,0,0,0,0,0,0,0,3,1,2,15,12,3,0,0
Atlético de Madrid,Defender,18,Nehuen Pérez,0,0,"0,0%",0,"0,0%",0,"0,0%",0,"0,0%",0,0,0,0,0,0,0,0,0,0,0,0,0,0,0,0,0,0,0,0,0,0,0,0,0,0,0,0,0,0,0,0,0,0,0,0,0,0,0,0,0,0,0,0,0,0,0,0,0
Atlético de Madrid,Defender,20,Juanfran,42,1,"57,0%",0,"38,0%",1,"46,0%",0,"19,0%",0,0,0,0,0,0,0,0,1,4,1,1,0,0,2,1,0,0,0,0,0,0,0,0,0,0,0,0,0,0,0,0,0,0,0,0,0,0,1,0,1,4,3,1,20,19,1,0,0
Atlético de Madrid,Defender,21,L. Hernández,49,1,"2,0%",0,"1,0%",1,"2,0%",0,"1,0%",0,0,0,0,0,0,0,0,1,3,2,1,0,0,3,1,1,1,0,1,1,0,0,0,0,0,0,0,0,0,0,0,0,0,0,0,0,0,0,0,2,5,4,2,22,19,3,0,0
Atlético de Madrid,Defender,24,J. M. Giménez,54,1,"2,0%",1,"1,0%",1,"2,0%",0,"0,0%",0,0,0,0,0,0,0,0,1,3,4,1,0,0,2,1,2,1,0,1,0,0,0,0,0,0,0,0,0,0,0,0,0,0,0,0,0,0,0,0,1,5,2,3,22,16,5,0,0
Atlético de Madrid,Defender,33,Andrés Solano,2,0,"0,0%",0,"0,0%",0,"0,0%",0,"0,0%",0,0,0,0,0,0,0,0,0,0,0,0,0,0,0,0,0,0,0,0,0,0,0,0,0,0,0,0,0,0,0,0,0,0,0,0,0,0,0,0,0,0,0,0,1,1,0,0,0
Atlético de Madrid,Defender,35,Francisco Montero,11,0,"22,0%",0,"5,0%",0,"8,0%",0,"16,0%",0,0,0,0,0,0,0,0,0,0,0,0,0,0,0,0,0,0,0,0,0,0,0,0,0,0,0,0,0,0,0,0,0,0,0,0,0,0,0,0,0,1,0,0,4,3,1,0,0
Atlético de Madrid,Defender,54,Manuel Sánchez,0,0,"0,0%",0,"0,0%",0,"0,0%",0,"0,0%",0,0,0,0,0,0,0,0,0,0,0,0,0,0,0,0,0,0,0,0,0,0,0,0,0,0,0,0,0,0,0,0,0,0,0,0,0,0,0,0,0,0,0,0,0,0,0,0,0
Atlético de Madrid,Midfielder,5,Thomas,54,1,"84,0%",0,"43,0%",1,"57,0%",0,"41,0%",0,0,0,0,0,0,1,0,1,4,1,1,1,0,3,2,1,1,0,1,1,0,0,0,0,1,0,0,1,0,0,0,0,0,0,0,0,0,0,0,2,7,5,2,35,32,3,0,0
Atlético de Madrid,Midfielder,6,Koke,68,1,"78,0%",1,"68,0%",1,"76,0%",0,"11,0%",0,0,0,0,0,0,1,0,1,5,1,1,1,0,4,3,0,0,0,1,1,0,0,0,0,0,0,0,0,0,0,0,0,0,0,0,0,0,1,2,2,8,7,1,51,46,4,0,0
Atlético de Madrid,Midfielder,8,Saúl,79,1,"2,0%",1,"2,0%",1,"2,0%",0,"0,0%",0,0,0,0,0,0,1,0,1,6,2,2,1,0,4,4,3,2,0,1,2,0,0,0,1,1,1,0,1,1,0,0,0,0,0,0,0,0,1,0,2,12,8,4,40,37,3,0,0
Atlético de Madrid,Midfielder,14,Rodrigo,72,1,"89,0%",1,"59,0%",1,"84,0%",0,"30,0%",0,0,0,0,0,0,1,0,1,7,2,2,1,0,4,3,2,1,0,1,2,0,0,0,0,1,0,0,1,0,0,0,0,0,0,0,0,0,0,0,3,11,8,3,51,47,4,0,0
Atlético de Madrid,Midfielder,28,Cristian Rodríguez,0,0,"0,0%",0,"0,0%",0,"0,0%",0,"0,0%",0,0,0,0,0,0,0,0,0,0,0,0,0,0,0,0,0,0,0,0,0,0,0,0,0,0,0,0,0,0,0,0,0,0,0,0,0,0,0,0,0,0,0,0,0,0,0,0,0
Atlético de Madrid,Midfielder,30,Mikel Carro,0,0,"0,0%",0,"0,0%",0,"0,0%",0,"0,0%",0,0,0,0,0,0,0,0,0,0,0,0,0,0,0,0,0,0,0,0,0,0,0,0,0,0,0,0,0,0,0,0,0,0,0,0,0,0,0,0,0,0,0,0,0,0,0,0,0
Atlético de Madrid,Midfielder,32,Borja Garcés,5,0,"1,0%",0,"0,0%",0,"0,0%",0,"1,0%",0,0,0,0,0,0,0,0,0,0,0,0,0,0,0,0,0,0,0,0,0,0,0,0,0,0,0,0,0,0,0,0,0,0,0,0,0,0,0,0,0,0,0,0,1,1,0,0,0
Atlético de Madrid,Midfielder,40,Victor Mollejo,2,0,"8,0%",0,"0,0%",0,"0,0%",0,"8,0%",0,0,0,0,0,0,0,0,0,0,0,0,0,0,0,0,0,0,0,0,0,0,0,0,0,0,0,0,0,0,0,0,0,0,0,0,0,0,0,0,0,1,0,0,1,1,0,0,0
Atlético de Madrid,Midfielder,47,Joaquín Muñoz,0,0,"0,0%",0,"0,0%",0,"0,0%",0,"0,0%",0,0,0,0,0,0,0,0,0,0,0,0,0,0,0,0,0,0,0,0,0,0,0,0,0,0,0,0,0,0,0,0,0,0,0,0,0,0,0,0,0,0,0,0,0,0,0,0,0
Atlético de Madrid,Midfielder,55,Sergio Camello,1,0,"0,0%",0,"0,0%",0,"0,0%",0,"0,0%",0,0,0,0,0,0,0,0,0,0,0,0,0,0,0,0,0,0,0,0,0,0,0,0,0,0,0,0,0,0,0,0,0,0,0,0,0,0,0,0,0,0,0,0,0,0,0,0,0
Atlético de Madrid,Midfielder,57,Gustavo Assunção,0,0,"0,0%",0,"0,0%",0,"0,0%",0,"0,0%",0,0,0,0,0,0,0,0,0,0,0,0,0,0,0,0,0,0,0,0,0,0,0,0,0,0,0,0,0,0,0,0,0,0,0,0,0,0,0,0,0,0,0,0,0,0,0,0,0
Atlético de Madrid,Forward,7,Griezmann,84,1,"97,0%",1,"81,0%",1,"97,0%",0,"16,0%",0,0,0,0,0,0,1,0,0,3,1,1,0,0,2,3,1,2,0,1,1,0,0,0,0,2,1,0,0,1,0,0,0,0,3,0,0,0,1,2,1,8,5,3,37,34,2,1,0
Atlético de Madrid,Forward,9,Kalinić,19,1,"1,0%",0,"0,0%",0,"1,0%",1,"1,0%",0,0,0,0,0,0,0,0,0,0,0,0,0,0,1,1,1,1,0,0,0,0,0,0,0,0,0,0,0,0,0,0,0,0,0,0,0,0,0,0,0,2,1,1,3,3,0,0,0
Atlético de Madrid,Forward,10,Correa,51,1,"95,0%",0,"14,0%",1,"51,0%",1,"81,0%",0,0,0,0,0,0,1,0,0,3,1,1,1,0,4,5,0,1,0,1,1,0,0,0,0,1,0,0,2,1,0,0,0,0,0,0,0,0,1,0,1,9,8,1,19,18,1,0,0
Atlético de Madrid,Forward,11,Lemar,48,1,"81,0%",0,"14,0%",1,"57,0%",1,"68,0%",0,0,0,0,0,0,0,0,1,3,0,1,0,0,3,3,0,1,0,1,1,0,0,0,0,1,0,0,1,1,0,0,0,0,0,0,0,0,1,1,1,7,6,1,25,23,1,0,0
Atlético de Madrid,Forward,19,Diego Costa,36,1,"1,0%",0,"1,0%",1,"1,0%",0,"1,0%",0,0,0,0,0,0,0,0,0,1,0,0,0,0,1,2,1,2,0,1,1,0,0,0,0,0,0,0,0,0,0,0,0,0,0,0,0,0,0,0,0,6,3,3,10,9,0,0,0
Atlético de Madrid,Forward,22,Morata,29,0,"1,0%",0,"0,0%",0,"1,0%",0,"1,0%",0,0,0,0,0,0,0,0,0,1,0,0,0,0,2,2,2,1,0,1,1,0,0,0,0,1,0,0,1,0,0,0,0,0,0,0,0,0,0,0,1,6,3,3,7,7,0,0,0
Atlético de Madrid,Forward,23,Vitolo,20,1,"51,0%",0,"3,0%",0,"14,0%",1,"49,0%",0,0,0,0,0,0,0,0,0,1,0,0,0,0,2,2,0,1,0,1,0,0,0,0,0,0,0,0,1,1,0,0,0,0,0,0,0,0,0,0,0,4,4,1,8,8,0,0,0
CD Leganés,Goalkeeper,1,Cuéllar,85,1,"2,0%",1,"2,0%",1,"2,0%",0,"0,0%",0,0,0,0,0,0,1,0,0,9,1,0,0,0,0,0,0,0,0,0,0,0,0,0,0,0,0,0,0,0,0,0,0,0,0,0,0,0,0,0,0,1,0,0,27,4,23,0,0
CD Leganés,Goalkeeper,13,Andrés,0,0,"0,0%",0,"0,0%",0,"0,0%",0,"0,0%",0,0,0,0,0,0,0,0,0,0,0,0,0,0,0,0,0,0,0,0,0,0,0,0,0,0,0,0,0,0,0,0,0,0,0,0,0,0,0,0,0,0,0,0,0,0,0,0,0
CD Leganés,Goalkeeper,29,Andriy Lunin,10,0,"11,0%",0,"8,0%",0,"8,0%",0,"3,0%",0,0,0,0,0,0,0,0,0,1,0,0,0,0,0,0,0,0,0,0,0,0,0,0,0,0,0,0,0,0,0,0,0,0,0,0,0,0,0,0,0,0,0,0,3,1,2,0,0
CD Leganés,Goalkeeper,31,David Tejero,0,0,"0,0%",0,"0,0%",0,"0,0%",0,"0,0%",0,0,0,0,0,0,0,0,0,0,0,0,0,0,0,0,0,0,0,0,0,0,0,0,0,0,0,0,0,0,0,0,0,0,0,0,0,0,0,0,0,0,0,0,0,0,0,0,0
CD Leganés,Defender,2,Juanfran,38,1,"59,0%",0,"27,0%",0,"43,0%",0,"32,0%",0,0,0,0,0,0,1,0,1,2,1,0,0,0,1,1,1,1,0,1,0,0,0,0,0,0,0,0,0,0,0,0,0,0,0,0,0,0,2,0,1,3,2,1,12,10,2,0,0
CD Leganés,Defender,3,Bustinza M.,55,1,"2,0%",1,"1,0%",1,"2,0%",0,"1,0%",0,0,0,0,0,0,1,0,1,3,3,1,0,0,2,1,2,1,0,1,1,0,0,0,0,0,0,0,0,0,0,0,0,0,0,0,0,0,1,0,1,6,3,3,23,18,6,0,0
CD Leganés,Defender,4,Diego Reyes,8,0,"14,0%",0,"3,0%",0,"8,0%",0,"11,0%",0,0,0,0,0,0,0,0,0,1,0,0,0,0,0,0,0,0,0,0,0,0,0,0,0,0,0,0,0,0,0,0,0,0,0,0,0,0,0,0,0,1,0,0,4,4,1,0,0
CD Leganés,Defender,5,J. Silva,73,1,"2,0%",1,"2,0%",1,"2,0%",0,"0,0%",0,0,0,0,0,0,1,0,1,4,2,1,0,0,2,3,1,1,0,1,1,0,0,0,0,1,0,0,0,0,0,0,0,0,0,0,0,0,4,1,1,6,5,1,24,20,4,0,0
CD Leganés,Defender,12,Nyom,48,1,"2,0%",0,"1,0%",1,"2,0%",0,"1,0%",0,0,0,0,0,0,1,0,1,3,1,1,0,0,2,2,1,1,0,1,1,0,0,0,1,0,0,0,0,0,0,0,0,0,0,0,0,0,2,0,1,4,3,1,14,12,1,0,0
CD Leganés,Defender,14,Kravets,13,0,"14,0%",0,"8,0%",0,"14,0%",0,"5,0%",0,0,0,0,0,0,0,0,0,1,0,0,0,0,1,1,0,0,0,0,0,0,0,0,0,0,0,0,0,0,0,0,0,0,0,0,0,0,1,0,0,2,1,0,4,4,1,0,0
CD Leganés,Defender,15,R. Tarín,38,1,"46,0%",0,"32,0%",0,"38,0%",0,"14,0%",0,0,0,0,0,0,0,0,1,2,2,0,0,0,1,1,1,1,0,0,0,0,0,0,0,0,0,0,0,0,0,0,0,0,0,0,0,0,0,0,1,3,1,1,12,10,3,0,0
CD Leganés,Defender,19,Muñoz,6,0,"5,0%",0,"3,0%",0,"5,0%",0,"3,0%",0,0,0,0,0,0,0,0,0,0,0,0,0,0,0,0,0,0,0,0,0,0,0,0,0,0,0,0,0,0,0,0,0,0,0,0,0,0,0,0,0,0,0,0,3,2,1,0,0
CD Leganés,Defender,22,Siovas,80,1,"2,0%",1,"2,0%",1,"2,0%",0,"0,0%",0,0,0,0,0,0,1,0,2,6,4,1,1,0,2,2,3,1,0,0,1,0,0,0,0,1,0,0,0,0,0,0,0,0,0,0,0,0,0,0,2,8,4,4,37,28,9,0,0
CD Leganés,Defender,24,K. Omeruo,64,1,"73,0%",1,"68,0%",1,"70,0%",0,"5,0%",0,0,0,0,0,0,1,0,1,4,4,1,1,0,2,1,1,1,0,0,0,0,0,0,0,0,0,0,0,0,0,0,0,0,0,0,0,0,0,0,1,5,3,2,25,20,6,0,0
CD Leganés,Midfielder,,Óscar,66,1,"81,0%",0,"41,0%",1,"76,0%",0,"41,0%",0,0,0,0,0,0,1,0,0,4,0,1,1,0,3,4,1,1,0,1,1,0,0,0,0,1,1,0,1,1,0,0,0,0,0,0,0,0,2,2,1,9,7,2,25,22,3,0,0
CD Leganés,Midfielder,6,Gumbau,35,1,"1,0%",0,"1,0%",0,"1,0%",0,"0,0%",0,0,0,0,0,0,1,0,0,2,0,1,0,0,1,2,0,1,0,0,1,0,0,0,1,0,0,0,0,0,0,0,0,0,1,0,0,0,1,0,1,4,3,1,12,10,2,0,0
CD Leganés,Midfielder,8,Recio,35,1,"1,0%",0,"1,0%",0,"1,0%",0,"1,0%",0,0,0,0,0,0,0,0,0,3,0,1,0,0,2,2,1,0,0,1,1,0,0,0,1,0,0,0,0,0,0,0,0,0,0,0,0,0,0,0,1,5,4,1,18,16,1,0,0
CD Leganés,Midfielder,10,El Zhar,26,1,"2,0%",0,"0,0%",0,"1,0%",1,"2,0%",0,0,0,0,0,0,0,0,0,1,0,0,0,0,1,2,0,1,0,0,1,0,0,0,0,1,0,0,1,1,0,0,0,0,1,0,0,0,1,0,0,4,3,1,7,6,1,0,0
CD Leganés,Midfielder,11,Szymanowski,0,0,"0,0%",0,"0,0%",0,"0,0%",0,"0,0%",0,0,0,0,0,0,0,0,0,0,0,0,0,0,0,0,0,0,0,0,0,0,0,0,0,0,0,0,0,0,0,0,0,0,0,0,0,0,0,0,0,0,0,0,0,0,0,0,0
CD Leganés,Midfielder,17,Eraso,19,0,"1,0%",0,"0,0%",0,"1,0%",0,"1,0%",0,0,0,0,0,0,0,0,0,1,0,0,0,0,1,1,0,0,0,0,1,0,0,0,0,0,0,0,0,0,0,0,0,0,0,0,0,0,0,0,0,2,2,1,6,6,0,0,0
CD Leganés,Midfielder,21,Rubén Pérez J.,65,1,"81,0%",1,"65,0%",1,"70,0%",0,"16,0%",0,0,0,0,0,0,1,0,1,6,1,1,1,0,3,2,1,1,0,1,1,0,0,0,0,0,0,0,0,0,0,0,0,0,0,0,0,0,0,0,2,8,6,2,35,29,6,0,0
CD Leganés,Midfielder,23,Vesga,55,1,"68,0%",0,"38,0%",1,"59,0%",0,"30,0%",0,0,0,0,0,0,1,0,1,4,1,1,1,0,2,4,1,1,0,1,1,0,0,0,0,0,0,0,1,0,0,0,0,0,0,0,0,0,1,0,1,8,6,2,21,19,2,0,0
CD Leganés,Midfielder,33,Javier Avilés,0,0,"0,0%",0,"0,0%",0,"0,0%",0,"0,0%",0,0,0,0,0,0,0,0,0,0,0,0,0,0,0,0,0,0,0,0,0,0,0,0,0,0,0,0,0,0,0,0,0,0,0,0,0,0,0,0,0,0,0,0,0,0,0,0,0
CD Leganés,Forward,,Youssef En-Nesyri,55,1,"81,0%",0,"35,0%",1,"59,0%",1,"46,0%",0,0,0,0,0,0,1,0,0,2,1,0,0,0,2,4,4,3,0,1,1,0,0,0,0,2,1,0,1,1,0,0,0,0,0,0,0,0,1,0,0,12,6,7,12,12,1,0,0
CD Leganés,Forward,9,Carrillo,53,1,"84,0%",0,"30,0%",1,"59,0%",1,"54,0%",0,0,0,0,0,0,1,0,0,2,1,0,0,0,2,2,6,4,0,1,1,0,0,0,0,1,1,0,0,0,0,0,0,0,1,0,0,0,0,0,1,13,3,10,17,16,1,0,0
CD Leganés,Forward,16,Jose Arnáiz,3,0,"1,0%",0,"0,0%",0,"0,0%",0,"1,0%",0,0,0,0,0,0,0,0,0,0,0,0,0,0,0,0,0,0,0,0,0,0,0,0,0,0,0,0,0,0,0,0,0,0,0,0,0,0,0,0,0,1,1,0,1,1,0,0,0
CD Leganés,Forward,18,Sabin Merino,9,0,"1,0%",0,"0,0%",0,"0,0%",0,"1,0%",0,0,0,0,0,0,0,0,0,0,0,0,0,0,0,0,1,1,0,0,0,0,0,0,0,0,0,0,0,0,0,0,0,0,0,0,0,0,0,0,0,2,1,1,3,3,0,0,0
CD Leganés,Forward,20,Santos,16,1,"1,0%",0,"0,0%",0,"0,0%",1,"1,0%",0,0,0,0,0,0,0,0,0,1,0,0,0,0,1,1,0,1,1,0,1,0,0,0,0,0,0,0,0,0,0,0,0,0,0,0,0,0,0,0,0,3,2,1,3,3,0,0,0
CD Leganés,Forward,25,Braithwaite,37,1,"49,0%",0,"19,0%",0,"41,0%",0,"30,0%",0,0,0,0,0,0,1,0,0,1,0,0,0,0,1,2,1,1,0,0,1,0,0,0,0,1,0,0,0,0,0,0,0,0,0,0,0,0,0,0,0,5,3,2,6,6,0,0,0
D. Alavés,Goalkeeper,1,Pacheco,85,1,"2,0%",1,"2,0%",1,"2,0%",0,"0,0%",0,0,0,0,0,0,1,0,0,7,1,0,0,0,0,0,0,0,0,0,0,0,0,0,0,0,0,0,0,0,0,0,0,0,0,0,0,0,0,0,0,0,0,0,26,5,21,0,0
D. Alavés,Goalkeeper,13,Sivera,7,0,"5,0%",0,"5,0%",0,"5,0%",0,"0,0%",0,0,0,0,0,0,0,0,0,1,0,0,0,0,0,0,0,0,0,0,0,0,0,0,0,0,0,0,0,0,0,0,0,0,0,0,0,0,0,0,0,0,0,0,2,0,2,0,0
D. Alavés,Goalkeeper,31,Álex Domínguez,0,0,"0,0%",0,"0,0%",0,"0,0%",0,"0,0%",0,0,0,0,0,0,0,0,0,0,0,0,0,0,0,0,0,0,0,0,0,0,0,0,0,0,0,0,0,0,0,0,0,0,0,0,0,0,0,0,0,0,0,0,0,0,0,0,0
D. Alavés,Defender,2,Vigaray,17,0,"19,0%",0,"14,0%",0,"16,0%",0,"5,0%",0,0,0,0,0,0,0,0,0,1,1,0,0,0,1,1,0,0,0,0,0,0,0,0,0,0,0,0,0,0,0,0,0,0,0,0,0,0,0,0,0,2,1,1,4,3,1,0,0
D. Alavés,Defender,3,R. Duarte,75,1,"2,0%",1,"2,0%",1,"2,0%",0,"0,0%",0,0,0,0,0,0,1,0,2,4,3,1,1,0,4,2,1,1,0,2,1,0,0,0,0,1,0,0,0,0,0,0,0,0,0,0,0,0,2,0,2,8,6,3,25,18,7,0,0
D. Alavés,Defender,4,Ely,13,0,"0,0%",0,"0,0%",0,"0,0%",0,"0,0%",0,0,0,0,0,0,0,0,0,1,1,0,0,0,0,0,1,0,0,0,0,0,0,0,0,0,0,0,0,0,0,0,0,0,0,0,0,0,0,0,0,2,1,1,5,3,1,0,0
D. Alavés,Defender,5,Laguardia,85,1,"95,0%",1,"95,0%",1,"95,0%",0,"0,0%",0,0,0,0,0,0,1,1,1,4,6,1,0,0,2,1,2,2,0,0,1,0,0,0,0,0,0,0,0,0,0,0,0,0,0,0,0,0,0,0,1,7,3,4,33,24,10,0,0
D. Alavés,Defender,6,Maripán,61,1,"2,0%",1,"2,0%",1,"2,0%",0,"0,0%",0,0,0,0,0,0,1,1,1,3,4,1,1,0,2,1,3,1,0,0,1,0,0,0,0,0,0,0,0,0,0,0,0,0,0,0,0,0,0,0,1,7,3,4,22,16,6,0,0
D. Alavés,Defender,15,Ximo Navarro,67,1,"81,0%",1,"68,0%",1,"73,0%",0,"14,0%",0,0,0,0,0,0,1,0,1,4,3,1,1,0,3,1,1,1,0,1,1,0,0,0,0,0,0,0,0,0,0,0,0,0,0,0,0,0,1,0,2,7,4,2,22,18,4,0,0
D. Alavés,Defender,17,Adrián Marín,8,0,"14,0%",0,"3,0%",0,"3,0%",0,"11,0%",0,0,0,0,0,0,0,0,0,0,0,0,0,0,0,0,0,0,0,0,0,0,0,0,0,0,0,0,0,0,0,0,0,0,0,0,0,0,0,0,0,1,1,0,2,2,0,0,0
D. Alavés,Defender,21,Martín,55,1,"2,0%",1,"1,0%",1,"2,0%",0,"1,0%",0,0,0,0,0,0,1,0,1,3,2,1,0,0,3,2,1,1,0,1,1,0,0,0,0,0,0,0,1,0,0,0,0,0,0,0,0,0,1,0,1,6,4,1,20,16,3,0,0
D. Alavés,Midfielder,,Álex Blanco,0,0,"3,0%",0,"0,0%",0,"0,0%",0,"3,0%",0,0,0,0,0,0,0,0,0,0,0,0,0,0,0,0,0,0,0,0,0,0,0,0,0,0,0,0,0,0,0,0,0,0,0,0,0,0,0,0,0,0,0,0,0,0,0,0,0
D. Alavés,Midfielder,8,T. Pina,62,1,"73,0%",1,"59,0%",1,"70,0%",0,"14,0%",0,0,0,0,0,0,1,0,1,6,1,1,1,0,3,3,2,1,0,1,2,0,0,0,1,0,0,0,0,0,0,0,0,0,0,0,0,0,0,0,2,9,6,3,28,26,2,0,0
D. Alavés,Midfielder,11,Inui,35,1,"2,0%",0,"0,0%",0,"1,0%",1,"1,0%",0,0,0,0,0,0,0,0,0,2,0,0,0,0,2,2,0,0,0,1,0,0,0,0,0,1,0,0,1,0,0,0,0,0,0,0,0,0,1,0,0,4,3,0,10,9,1,0,0
D. Alavés,Midfielder,19,Manu,61,1,"89,0%",1,"54,0%",1,"65,0%",0,"35,0%",0,0,0,0,0,0,1,0,1,5,2,1,1,0,4,4,3,2,0,1,2,0,0,0,1,1,0,0,0,0,0,0,0,0,0,0,0,0,0,0,2,12,8,5,25,22,2,0,0
D. Alavés,Midfielder,20,Darko,43,1,"2,0%",0,"1,0%",1,"1,0%",0,"1,0%",0,0,0,0,0,0,1,0,0,3,1,0,0,0,2,2,1,1,0,0,1,0,0,0,0,0,0,0,0,0,0,0,0,0,0,0,0,0,0,0,1,5,3,2,17,16,1,0,0
D. Alavés,Midfielder,22,M. Wakaso,44,1,"76,0%",0,"30,0%",1,"46,0%",0,"46,0%",0,0,0,0,0,0,1,0,0,4,0,1,0,0,3,2,1,1,0,1,1,0,0,0,0,1,0,0,1,0,0,0,0,0,0,0,0,0,1,0,1,6,5,2,17,14,3,0,0
D. Alavés,Midfielder,23,Jony,79,1,"95,0%",0,"46,0%",1,"89,0%",1,"49,0%",0,0,0,0,0,0,1,0,1,5,0,0,0,0,3,5,0,1,0,1,1,0,0,0,0,1,1,0,2,2,0,0,0,0,0,0,0,0,6,3,1,9,8,1,21,17,4,0,0
D. Alavés,Midfielder,32,Paulino De la Fuente,0,0,"0,0%",0,"0,0%",0,"0,0%",0,"0,0%",0,0,0,0,0,0,0,0,0,0,0,0,0,0,0,0,0,0,0,0,0,0,0,0,0,0,0,0,0,0,0,0,0,0,0,0,0,0,0,0,0,0,0,0,0,0,0,0,0
D. Alavés,Midfielder,34,Andrei Lupu,0,0,"0,0%",0,"0,0%",0,"0,0%",0,"0,0%",0,0,0,0,0,0,0,0,0,0,0,0,0,0,0,0,0,0,0,0,0,0,0,0,0,0,0,0,0,0,0,0,0,0,0,0,0,0,0,0,0,0,0,0,0,0,0,0,0
D. Alavés,Forward,9,Rolan,13,0,"38,0%",0,"0,0%",0,"11,0%",0,"38,0%",0,0,0,0,0,0,0,0,0,1,0,0,0,0,1,1,0,0,0,0,0,0,0,0,0,0,0,0,0,0,0,0,0,0,0,0,0,0,0,0,0,3,2,1,4,4,0,0,0
D. Alavés,Forward,10,Guidetti,16,1,"57,0%",0,"3,0%",0,"16,0%",1,"54,0%",0,0,0,0,0,0,0,0,0,0,0,0,0,0,0,1,0,1,0,0,0,0,0,0,0,0,0,0,0,0,0,0,0,0,0,0,0,0,0,0,0,2,1,1,4,4,0,0,0
D. Alavés,Forward,12,Calleri,76,1,"89,0%",1,"62,0%",1,"86,0%",0,"27,0%",0,0,0,0,0,0,1,0,0,2,1,0,0,0,3,5,5,6,0,2,2,0,0,0,0,2,1,0,1,1,0,0,0,0,2,0,0,0,1,0,1,20,8,12,18,17,1,0,0
D. Alavés,Forward,14,Burgui,20,1,"2,0%",0,"0,0%",0,"1,0%",1,"2,0%",0,0,0,0,0,0,1,0,0,1,0,0,0,0,1,1,0,0,0,1,0,0,0,0,0,0,0,0,0,0,0,0,0,0,0,0,0,0,0,0,0,2,2,0,7,7,1,0,0
D. Alavés,Forward,18,Borja,39,1,"2,0%",0,"0,0%",1,"1,0%",1,"2,0%",0,0,0,0,0,0,1,0,0,1,0,0,0,0,1,2,1,3,0,0,1,0,0,0,0,1,0,0,0,0,0,0,0,0,0,0,0,0,0,0,0,7,3,4,9,8,0,0,0
D. Alavés,Forward,24,Twumasi,4,0,"27,0%",0,"0,0%",0,"0,0%",0,"27,0%",0,0,0,0,0,0,0,0,0,0,0,0,0,0,0,0,0,0,0,0,0,0,0,0,0,0,0,0,0,0,0,0,0,0,0,0,0,0,0,0,0,1,1,0,1,1,0,0,0
FC Barcelona,Goalkeeper,1,Ter Stegen,90,1,"3,0%",1,"3,0%",1,"3,0%",0,"0,0%",0,0,0,0,0,0,1,0,0,8,0,0,0,0,0,0,0,0,0,0,0,0,0,0,0,0,0,0,0,0,0,0,0,0,0,0,0,0,0,0,0,0,0,0,25,16,9,0,0
FC Barcelona,Goalkeeper,13,Cillessen,7,0,"5,0%",0,"5,0%",0,"5,0%",0,"0,0%",0,0,0,0,0,0,0,0,0,1,0,0,0,0,0,0,0,0,0,0,0,0,0,0,0,0,0,0,0,0,0,0,0,0,0,0,0,0,0,0,0,0,0,0,3,2,1,0,0
FC Barcelona,Goalkeeper,30,Iñaki Peña,0,0,"0,0%",0,"0,0%",0,"0,0%",0,"0,0%",0,0,0,0,0,0,0,0,0,0,0,0,0,0,0,0,0,0,0,0,0,0,0,0,0,0,0,0,0,0,0,0,0,0,0,0,0,0,0,0,0,0,0,0,0,0,0,0,0
FC Barcelona,Defender,,Jeison Murillo,6,0,"0,0%",0,"0,0%",0,"0,0%",0,"0,0%",0,0,0,0,0,0,0,0,0,0,0,0,0,0,0,0,0,0,0,0,0,0,0,0,0,0,0,0,0,0,0,0,0,0,0,0,0,0,0,0,0,1,0,0,4,3,1,0,0
FC Barcelona,Defender,2,N. Semedo,42,1,"68,0%",0,"35,0%",1,"51,0%",0,"32,0%",0,0,0,0,0,0,0,0,1,3,1,1,0,0,2,2,1,0,0,1,1,0,0,0,0,0,0,0,1,0,0,0,0,0,0,0,0,0,0,0,1,5,4,1,28,27,1,0,0
FC Barcelona,Defender,3,Piqué,83,1,"92,0%",1,"92,0%",1,"92,0%",0,"0,0%",0,0,0,0,0,0,1,1,1,7,4,1,0,0,2,1,3,1,0,1,1,0,0,0,0,0,0,0,0,0,0,0,0,0,0,0,0,0,0,0,1,7,3,4,63,57,6,0,0
FC Barcelona,Defender,6,Todibo,4,0,"0,0%",0,"0,0%",0,"0,0%",0,"0,0%",0,0,0,0,0,0,0,0,0,0,0,0,0,0,0,0,0,0,0,0,0,0,0,0,0,0,0,0,0,0,0,0,0,0,0,0,0,0,0,0,0,1,1,0,3,3,0,0,0
FC Barcelona,Defender,15,Clement Lenglet,51,1,"59,0%",1,"49,0%",1,"57,0%",0,"11,0%",0,0,0,0,0,0,1,1,1,3,2,1,1,0,2,1,1,1,0,0,1,0,0,0,0,0,0,0,0,0,0,0,0,0,0,0,0,0,0,0,1,5,3,2,30,27,3,0,0
FC Barcelona,Defender,18,Jordi Alba,79,1,"95,0%",1,"84,0%",1,"84,0%",0,"11,0%",0,0,0,0,0,0,1,0,2,6,2,1,1,0,2,2,1,1,0,1,1,0,0,0,0,0,0,0,0,0,0,0,0,0,0,0,0,0,1,0,1,6,4,1,62,58,4,0,0
FC Barcelona,Defender,20,S. Roberto,55,1,"76,0%",1,"49,0%",1,"59,0%",0,"27,0%",0,0,0,0,0,0,1,0,1,3,1,1,0,0,2,2,1,1,0,1,1,0,0,0,0,0,0,0,0,0,0,0,0,0,0,0,0,0,1,0,1,5,4,2,43,41,1,0,0
FC Barcelona,Defender,23,Umtiti,32,0,"1,0%",0,"1,0%",0,"1,0%",0,"0,0%",0,0,0,0,0,0,0,0,1,2,1,0,0,0,1,1,0,0,0,0,0,0,0,0,0,0,0,0,0,0,0,0,0,0,0,0,0,0,0,0,0,2,1,1,24,23,1,0,0
FC Barcelona,Defender,24,Vermaelen,16,0,"1,0%",0,"0,0%",0,"1,0%",0,"0,0%",0,0,0,0,0,0,0,0,0,1,1,0,0,0,0,0,0,0,0,0,0,0,0,0,0,0,0,0,0,0,0,0,0,0,0,0,0,0,0,0,0,1,1,1,10,10,1,0,0
FC Barcelona,Defender,33,Juan Miranda,0,0,"0,0%",0,"0,0%",0,"0,0%",0,"0,0%",0,0,0,0,0,0,0,0,0,0,0,0,0,0,0,0,0,0,0,0,0,0,0,0,0,0,0,0,0,0,0,0,0,0,0,0,0,0,0,0,0,0,0,0,0,0,0,0,0
FC Barcelona,Defender,38,Guillem Jaime,0,0,"0,0%",0,"0,0%",0,"0,0%",0,"0,0%",0,0,0,0,0,0,0,0,0,0,0,0,0,0,0,0,0,0,0,0,0,0,0,0,0,0,0,0,0,0,0,0,0,0,0,0,0,0,0,0,0,0,0,0,0,0,0,0,0
FC Barcelona,Midfielder,4,I. Rakitić,70,1,"89,0%",1,"62,0%",1,"76,0%",0,"27,0%",0,0,0,0,0,0,1,0,1,6,1,1,0,0,3,2,1,1,0,1,1,0,0,0,0,1,0,0,1,0,0,0,0,0,0,0,0,0,1,0,1,6,5,2,67,61,5,0,0
FC Barcelona,Midfielder,5,Sergio,72,1,"92,0%",1,"54,0%",1,"78,0%",0,"38,0%",0,0,0,0,0,0,1,0,1,5,1,2,1,0,4,3,1,1,0,1,1,0,0,0,0,0,0,0,0,0,0,0,0,0,0,0,0,0,0,0,2,10,7,3,63,58,5,0,0
FC Barcelona,Midfielder,7,Coutinho,55,1,"2,0%",0,"1,0%",1,"2,0%",1,"2,0%",0,0,0,0,0,0,1,0,0,2,0,0,0,0,3,3,0,1,0,1,1,0,0,0,0,1,1,0,1,1,0,0,0,0,0,0,0,0,0,2,0,7,6,1,38,36,1,0,0
FC Barcelona,Midfielder,8,Arthur,40,1,"2,0%",0,"0,0%",1,"1,0%",1,"2,0%",0,0,0,0,0,0,0,0,0,3,0,0,0,0,2,1,0,0,0,1,0,0,0,0,0,0,0,0,0,0,0,0,0,0,0,0,0,0,0,0,0,3,3,0,36,34,2,0,0
FC Barcelona,Midfielder,12,Rafinha,17,0,"1,0%",0,"0,0%",0,"1,0%",0,"1,0%",0,0,0,0,0,0,0,0,0,1,0,1,0,0,1,1,0,0,0,1,1,0,0,0,0,0,0,0,0,0,0,0,0,0,0,0,0,0,0,0,1,3,2,1,11,11,1,0,0
FC Barcelona,Midfielder,21,Aleñá,17,0,"43,0%",0,"3,0%",0,"16,0%",0,"41,0%",0,0,0,0,0,0,0,0,0,1,0,0,0,0,1,1,0,0,0,0,0,0,0,0,0,0,0,0,0,0,0,0,0,0,0,0,0,0,0,0,0,2,2,0,15,14,1,0,0
FC Barcelona,Midfielder,22,Vidal,51,1,"86,0%",0,"27,0%",1,"57,0%",1,"59,0%",0,0,0,0,0,0,1,0,1,3,1,1,1,0,3,3,1,1,0,1,2,0,0,0,0,1,0,0,0,0,0,0,0,0,0,0,0,0,0,0,2,8,6,2,39,37,2,0,0
FC Barcelona,Forward,9,Suárez,81,1,"2,0%",1,"2,0%",1,"2,0%",0,"1,0%",0,0,0,1,0,0,1,0,0,2,1,0,0,0,3,4,1,0,1,2,1,0,0,0,0,3,2,0,1,2,0,0,0,1,4,0,0,0,1,0,1,8,7,1,27,25,2,0,0
FC Barcelona,Forward,10,Messi,71,1,"89,0%",1,"73,0%",1,"76,0%",0,"16,0%",0,0,0,1,0,0,1,0,0,2,0,0,0,0,6,5,0,0,0,2,1,0,0,0,0,4,2,0,4,2,0,0,1,0,4,0,0,0,1,2,0,11,11,0,48,42,4,2,0
FC Barcelona,Forward,11,O. Dembélé,46,1,"2,0%",0,"0,0%",1,"2,0%",1,"2,0%",0,0,0,0,0,0,0,0,0,2,0,0,0,0,3,3,0,0,0,1,1,0,0,0,0,1,1,0,2,1,0,0,0,0,0,0,0,0,2,2,1,7,6,1,25,24,1,0,0
FC Barcelona,Forward,14,Malcom,16,0,"38,0%",0,"8,0%",0,"14,0%",0,"30,0%",0,0,0,0,0,0,0,0,0,1,0,0,0,0,1,0,0,0,0,0,0,0,0,0,0,0,0,0,0,0,0,0,0,0,0,0,0,0,0,0,0,1,1,0,8,8,0,0,0
FC Barcelona,Forward,19,Kevin-Prince Boateng,7,0,"0,0%",0,"0,0%",0,"0,0%",0,"0,0%",0,0,0,0,0,0,0,0,0,0,0,0,0,0,0,0,0,0,0,0,0,0,0,0,0,0,0,0,0,0,0,0,0,0,0,0,0,0,0,0,0,1,1,0,2,2,0,0,0
Getafe CF,Goalkeeper,1,Chichizola,3,0,"0,0%",0,"0,0%",0,"0,0%",0,"0,0%",0,0,0,0,0,0,0,0,0,0,0,0,0,0,0,0,0,0,0,0,0,0,0,0,0,0,0,0,0,0,0,0,0,0,0,0,0,0,0,0,0,0,0,0,1,0,1,0,0
Getafe CF,Goalkeeper,13,David Soria,88,1,"97,0%",1,"97,0%",1,"97,0%",0,"0,0%",0,0,0,0,0,0,1,0,0,10,1,0,0,0,0,0,0,0,0,0,0,0,0,0,0,0,0,0,0,0,0,0,0,0,0,0,0,0,0,0,0,0,0,0,27,1,26,0,0
Getafe CF,Goalkeeper,25,R. Yáñez,0,0,"0,0%",0,"0,0%",0,"0,0%",0,"0,0%",0,0,0,0,0,0,0,0,0,0,0,0,0,0,0,0,0,0,0,0,0,0,0,0,0,0,0,0,0,0,0,0,0,0,0,0,0,0,0,0,0,0,0,0,0,0,0,0,0
Getafe CF,Defender,2,Djené,81,1,"2,0%",1,"2,0%",1,"2,0%",0,"1,0%",0,0,0,0,0,0,1,0,2,7,4,1,1,0,3,2,2,2,0,1,1,0,0,0,1,0,0,0,0,0,0,0,0,0,0,0,0,0,0,0,2,9,5,5,26,20,7,0,0
Getafe CF,Defender,3,Antunes,68,1,"2,0%",1,"2,0%",1,"2,0%",0,"1,0%",0,0,0,0,0,0,1,0,1,5,2,1,1,0,3,2,1,1,0,1,1,0,0,0,0,1,0,0,1,0,0,0,0,0,0,0,0,0,3,1,1,7,5,2,25,17,8,0,0
Getafe CF,Defender,4,Bruno,45,1,"59,0%",0,"43,0%",1,"46,0%",0,"16,0%",0,0,0,0,0,0,0,0,1,2,3,0,0,0,1,1,1,1,0,0,1,0,0,0,0,0,0,0,0,0,0,0,0,0,0,0,0,0,0,0,1,4,2,3,13,10,3,0,0
Getafe CF,Defender,6,Cabrera,74,1,"84,0%",1,"78,0%",1,"81,0%",0,"5,0%",0,0,0,0,0,0,1,0,1,4,6,1,1,0,2,1,4,2,0,0,1,0,0,0,1,1,0,0,0,0,0,0,0,0,0,0,0,0,1,0,1,9,3,6,25,15,10,0,0
Getafe CF,Defender,17,Olivera,27,0,"1,0%",0,"1,0%",0,"1,0%",0,"1,0%",0,0,0,0,0,0,0,0,0,2,1,1,0,0,2,1,1,1,0,1,0,0,0,0,0,0,0,0,0,0,0,0,0,0,0,0,0,0,1,0,1,5,3,3,9,8,1,0,0
Getafe CF,Defender,21,Miquel,9,0,"1,0%",0,"0,0%",0,"0,0%",0,"0,0%",0,0,0,0,0,0,0,0,0,1,1,0,0,0,0,0,0,0,0,0,0,0,0,0,0,0,0,0,0,0,0,0,0,0,0,0,0,0,0,0,0,1,0,0,3,2,1,0,0
Getafe CF,Defender,22,Damián Suárez,85,1,"95,0%",1,"95,0%",1,"95,0%",0,"0,0%",0,0,0,0,0,0,1,0,1,7,1,2,1,0,5,4,1,1,0,1,2,0,0,0,1,0,0,0,1,1,0,0,0,0,0,0,0,0,3,2,3,11,9,2,35,26,9,0,0
Getafe CF,Defender,24,Foulquier,48,1,"65,0%",0,"27,0%",1,"59,0%",0,"38,0%",0,0,0,0,0,0,1,0,1,3,1,0,0,0,2,3,1,2,0,1,1,0,0,0,0,0,0,0,1,1,0,0,0,0,0,0,0,0,1,0,1,8,5,2,11,9,1,0,0
Getafe CF,Defender,29,Miguel Ángel Rubio,0,0,"0,0%",0,"0,0%",0,"0,0%",0,"0,0%",0,0,0,0,0,0,0,0,0,0,0,0,0,0,0,0,0,0,0,0,0,0,0,0,0,0,0,0,0,0,0,0,0,0,0,0,0,0,0,0,0,0,0,0,0,0,0,0,0
Getafe CF,Midfielder,5,M. Bergara,6,0,"1,0%",0,"0,0%",0,"0,0%",0,"1,0%",0,0,0,0,0,0,0,0,0,1,0,0,0,0,0,0,0,0,0,0,0,0,0,0,0,0,0,0,0,0,0,0,0,0,0,0,0,0,0,0,0,1,1,1,2,2,0,0,0
Getafe CF,Midfielder,8,Portillo,52,1,"84,0%",0,"27,0%",1,"49,0%",1,"57,0%",0,0,0,0,0,0,1,0,0,4,0,0,0,0,3,3,0,1,0,1,1,0,0,0,0,0,0,0,1,1,0,0,0,0,0,0,0,0,1,0,1,7,6,1,20,18,1,0,0
Getafe CF,Midfielder,10,Gaku,10,0,"16,0%",0,"5,0%",0,"14,0%",0,"11,0%",0,0,0,0,0,0,0,0,0,1,0,0,0,0,0,1,0,0,0,0,0,0,0,0,0,0,0,0,0,0,0,0,0,0,0,0,0,0,0,0,0,1,1,0,3,3,0,0,0
Getafe CF,Midfielder,11,Samu Sáiz,8,0,"24,0%",0,"0,0%",0,"5,0%",0,"24,0%",0,0,0,0,0,0,0,0,0,1,0,0,0,0,1,0,0,0,0,0,0,0,0,0,0,0,0,0,0,0,0,0,0,0,0,0,0,0,0,0,0,1,1,0,4,3,0,0,0
Getafe CF,Midfielder,15,S. Cristóforo,12,0,"1,0%",0,"0,0%",0,"0,0%",0,"1,0%",0,0,0,0,0,0,0,0,0,1,0,0,0,0,1,1,0,1,0,1,0,0,0,0,0,0,0,0,0,0,0,0,0,0,0,0,0,0,0,0,0,3,2,1,4,3,1,0,0
Getafe CF,Midfielder,16,Mathieu Flamini,13,0,"1,0%",0,"0,0%",0,"0,0%",0,"1,0%",0,0,0,0,0,0,0,0,0,1,0,0,0,0,0,1,0,0,0,0,0,0,0,0,0,0,0,0,0,0,0,0,0,0,0,0,0,0,0,0,0,2,1,1,4,4,0,0,0
Getafe CF,Midfielder,18,Arambarri,71,1,"86,0%",1,"51,0%",1,"84,0%",0,"35,0%",0,0,0,0,0,0,1,0,1,4,1,1,1,0,4,4,2,1,0,2,2,0,0,0,1,1,0,0,1,0,0,0,0,0,0,0,0,0,1,0,2,11,8,3,19,14,5,0,0
Getafe CF,Midfielder,20,Maksimovic,85,1,"95,0%",1,"89,0%",1,"95,0%",0,"5,0%",0,0,0,0,0,0,1,0,2,4,1,1,1,0,3,2,2,2,0,0,1,0,0,0,0,1,0,0,0,0,0,0,0,0,0,0,0,0,0,0,2,9,5,4,20,18,2,0,0
Getafe CF,Midfielder,27,Hugo Duro,11,0,"27,0%",0,"3,0%",0,"11,0%",0,"24,0%",0,0,0,0,0,0,0,0,0,1,0,0,0,0,1,1,0,0,0,0,0,0,0,0,0,0,0,0,0,0,0,0,0,0,0,0,0,0,0,0,0,2,1,1,2,2,0,0,0
Getafe CF,Forward,7,Mata,64,1,"89,0%",0,"43,0%",1,"70,0%",1,"46,0%",0,0,0,0,0,0,1,0,0,3,1,1,0,0,2,4,3,3,1,1,2,0,0,0,1,1,1,0,0,1,0,0,0,0,4,0,0,0,1,0,1,12,6,6,17,16,1,0,0
Getafe CF,Forward,9,Ángel ,48,1,"97,0%",0,"8,0%",1,"54,0%",1,"89,0%",0,0,0,0,0,0,0,0,0,2,0,0,0,0,2,3,1,2,1,1,1,0,0,0,0,1,1,0,0,0,0,0,0,0,0,0,0,0,1,0,0,7,4,3,8,8,1,0,0
Getafe CF,Forward,19,Jorge Molina,70,1,"100,0%",0,"41,0%",1,"73,0%",1,"59,0%",0,0,0,0,0,0,1,0,0,3,1,0,0,0,2,4,2,4,1,1,1,0,0,0,0,1,1,0,1,1,0,0,0,0,2,0,0,0,0,0,0,13,6,7,19,18,1,0,0
Girona FC,Goalkeeper,,J. Suárez,0,0,"0,0%",0,"0,0%",0,"0,0%",0,"0,0%",0,0,0,0,0,0,0,0,0,0,0,0,0,0,0,0,0,0,0,0,0,0,0,0,0,0,0,0,0,0,0,0,0,0,0,0,0,0,0,0,0,0,0,0,0,0,0,0,0
Girona FC,Goalkeeper,1,Iraizoz,15,0,"16,0%",0,"14,0%",0,"14,0%",0,"3,0%",0,0,0,0,0,0,0,0,0,2,0,0,0,0,0,0,0,0,0,0,0,0,0,0,0,0,0,0,0,0,0,0,0,0,0,0,0,0,0,0,0,0,0,0,5,2,3,0,0
Girona FC,Goalkeeper,13,Bono,77,1,"2,0%",1,"2,0%",1,"2,0%",0,"0,0%",0,0,0,0,0,0,1,0,0,7,0,0,0,0,0,0,0,0,0,0,0,0,0,0,0,0,0,0,0,0,0,0,0,0,0,0,0,0,0,0,0,0,0,0,23,8,15,0,0
Girona FC,Defender,2,Bernardo,72,1,"81,0%",1,"76,0%",1,"81,0%",0,"5,0%",0,0,0,0,0,0,1,1,1,3,5,0,0,0,1,1,3,2,0,0,1,0,0,0,0,0,0,0,0,0,0,0,0,0,0,0,0,0,0,0,1,7,2,5,37,32,5,0,0
Girona FC,Defender,3,Johan Mojica,1,0,"0,0%",0,"0,0%",0,"0,0%",0,"0,0%",0,0,0,0,0,0,0,0,0,0,0,0,0,0,0,0,0,0,0,0,0,0,0,0,0,0,0,0,0,0,0,0,0,0,0,0,0,0,0,0,0,0,0,0,0,0,0,0,0
Girona FC,Defender,4,Ramalho,48,1,"2,0%",0,"1,0%",1,"1,0%",0,"1,0%",0,0,0,0,0,0,1,0,1,2,2,0,0,0,1,1,1,1,0,0,0,0,0,0,0,0,0,0,0,0,0,0,0,0,0,0,0,0,1,0,0,3,2,2,21,18,3,0,0
Girona FC,Defender,5,Alcalá,49,1,"65,0%",1,"46,0%",1,"51,0%",0,"19,0%",0,0,0,0,0,0,1,1,1,3,3,1,0,0,1,1,2,1,0,0,1,0,0,0,0,0,0,0,0,0,0,0,0,0,0,0,0,0,0,0,1,6,2,4,23,19,4,0,0
Girona FC,Defender,11,Aday Benítez,17,0,"24,0%",0,"11,0%",0,"22,0%",0,"14,0%",0,0,0,0,0,0,0,0,0,1,0,0,0,0,1,0,0,0,0,0,0,0,0,0,0,0,0,0,0,0,0,0,0,0,0,0,0,0,1,0,0,1,1,0,6,5,1,0,0
Girona FC,Defender,14,Raúl C.,36,0,"1,0%",0,"1,0%",0,"1,0%",0,"0,0%",0,0,0,0,0,0,1,0,1,2,2,1,0,0,2,1,1,1,0,0,0,0,0,0,0,0,0,0,0,0,0,0,0,0,0,0,0,0,2,0,1,4,3,1,13,10,2,0,0
Girona FC,Defender,15,Juanpe,75,1,"2,0%",1,"2,0%",1,"2,0%",0,"0,0%",0,0,0,0,0,0,1,0,2,4,4,1,1,0,2,2,3,2,0,0,1,0,0,0,0,1,0,0,0,0,0,0,0,0,0,0,0,0,0,0,1,8,3,5,42,35,7,0,0
Girona FC,Defender,20,Muniesa,37,1,"49,0%",0,"32,0%",0,"38,0%",0,"16,0%",0,0,0,0,0,0,1,0,1,2,1,1,0,0,2,1,1,1,0,1,1,0,0,0,0,0,0,0,0,0,0,0,0,0,0,0,0,0,0,0,1,5,3,2,20,17,3,0,0
Girona FC,Defender,21,Planas,11,0,"16,0%",0,"5,0%",0,"8,0%",0,"11,0%",0,0,0,0,0,0,0,0,0,1,0,0,0,0,0,0,0,0,0,0,0,0,0,0,0,0,0,0,0,0,0,0,0,0,0,0,0,0,0,0,0,1,1,0,5,4,1,0,0
Girona FC,Defender,28,Èric Montes,0,0,"0,0%",0,"0,0%",0,"0,0%",0,"0,0%",0,0,0,0,0,0,0,0,0,0,0,0,0,0,0,0,0,0,0,0,0,0,0,0,0,0,0,0,0,0,0,0,0,0,0,0,0,0,0,0,0,0,0,0,0,0,0,0,0
Girona FC,Midfielder,,Kevin Soni,2,0,"11,0%",0,"0,0%",0,"0,0%",0,"11,0%",0,0,0,0,0,0,0,0,0,0,0,0,0,0,0,0,0,0,0,0,0,0,0,0,0,0,0,0,0,0,0,0,0,0,0,0,0,0,0,0,0,1,1,0,1,1,0,0,0
Girona FC,Midfielder,,Paik,2,0,"0,0%",0,"0,0%",0,"0,0%",0,"0,0%",0,0,0,0,0,0,0,0,0,0,0,0,0,0,0,0,0,0,0,0,0,0,0,0,0,0,0,0,0,0,0,0,0,0,0,0,0,0,0,0,0,0,0,0,1,1,0,0,0
Girona FC,Midfielder,,Yhoan Andzouana,0,0,"0,0%",0,"0,0%",0,"0,0%",0,"0,0%",0,0,0,0,0,0,0,0,0,0,0,0,0,0,0,0,0,0,0,0,0,0,0,0,0,0,0,0,0,0,0,0,0,0,0,0,0,0,0,0,0,0,0,0,0,0,0,0,0
Girona FC,Midfielder,6,Granell,63,1,"84,0%",1,"51,0%",1,"68,0%",0,"32,0%",0,0,0,0,0,0,1,0,1,4,1,1,1,0,3,3,1,1,0,1,1,0,0,0,0,1,0,0,1,0,0,0,0,0,0,0,0,0,3,2,2,8,7,2,34,28,6,0,0
Girona FC,Midfielder,8,Pere Pons,74,1,"89,0%",1,"65,0%",1,"84,0%",0,"24,0%",0,0,0,0,0,0,1,0,1,5,1,1,1,0,4,5,1,2,0,1,2,0,0,0,0,0,0,0,1,1,0,0,0,0,0,0,0,0,0,0,2,12,9,3,31,29,2,0,0
Girona FC,Midfielder,10,Borja García,73,1,"2,0%",1,"1,0%",1,"2,0%",0,"1,0%",0,0,0,0,0,0,1,0,1,6,0,1,0,0,5,3,1,1,0,3,1,0,0,0,0,1,0,0,1,1,0,0,0,0,0,0,0,0,1,0,1,10,8,2,36,31,4,1,0
Girona FC,Midfielder,12,Douglas Luiz,40,1,"2,0%",0,"1,0%",0,"1,0%",0,"1,0%",0,0,0,0,0,0,1,0,1,4,1,1,0,0,2,2,1,1,0,1,1,0,0,0,1,0,0,0,1,0,0,0,0,0,0,0,0,0,0,0,1,6,5,1,20,17,3,0,0
Girona FC,Midfielder,17,Roberts,16,1,"49,0%",0,"0,0%",0,"16,0%",1,"49,0%",0,0,0,0,0,0,0,0,0,1,0,0,0,0,1,1,0,0,0,0,0,0,0,0,0,0,0,0,1,1,0,0,0,0,0,0,0,0,0,0,0,3,3,0,5,4,0,0,0
Girona FC,Midfielder,23,Aleix García,46,1,"2,0%",0,"1,0%",1,"2,0%",1,"2,0%",0,0,0,0,0,0,1,0,1,3,0,1,1,0,2,2,1,1,0,1,0,0,0,0,0,0,0,0,0,0,0,0,0,0,0,0,0,0,1,1,1,5,4,1,30,26,3,0,0
Girona FC,Midfielder,24,Pedro Porro,60,1,"2,0%",0,"1,0%",1,"2,0%",0,"1,0%",0,0,0,0,0,0,1,0,1,5,1,1,1,0,3,3,1,1,0,1,1,0,0,0,0,1,0,0,1,1,0,0,0,0,0,0,0,0,3,0,1,8,6,2,23,20,4,0,0
Girona FC,Midfielder,34,Valery Fernández,23,0,"43,0%",0,"11,0%",0,"24,0%",0,"32,0%",0,0,0,0,0,0,1,0,0,1,0,0,0,0,1,1,0,0,0,0,0,0,0,0,0,0,0,0,1,0,0,0,0,0,0,0,0,0,1,0,1,3,2,1,7,7,1,0,0
Girona FC,Midfielder,37,Álex Pachón,0,0,"0,0%",0,"0,0%",0,"0,0%",0,"0,0%",0,0,0,0,0,0,0,0,0,0,0,0,0,0,0,0,0,0,0,0,0,0,0,0,0,0,0,0,0,0,0,0,0,0,0,0,0,0,0,0,0,0,0,0,0,0,0,0,0
Girona FC,Forward,7,Stuani,74,1,"2,0%",1,"2,0%",1,"2,0%",0,"1,0%",0,0,0,1,0,0,1,0,0,2,1,0,0,0,3,4,3,3,1,2,2,0,0,0,1,2,1,0,0,0,0,0,0,0,5,0,0,0,0,0,1,13,7,7,14,13,0,0,0
Girona FC,Forward,9,Portu,75,1,"89,0%",1,"51,0%",1,"86,0%",0,"38,0%",0,0,0,0,0,0,1,0,0,3,0,1,0,0,3,4,1,2,0,1,1,0,0,0,0,1,1,0,1,1,0,0,0,0,1,0,0,0,2,0,1,10,7,3,16,16,1,0,0
Girona FC,Forward,19,Lozano,19,1,"51,0%",0,"0,0%",0,"16,0%",1,"51,0%",0,0,0,0,0,0,0,0,0,1,0,0,0,0,1,2,1,1,0,0,1,0,0,0,0,1,0,0,0,0,0,0,0,0,0,0,0,0,0,0,0,4,2,2,5,4,0,0,0
Girona FC,Forward,22,Doumbia,14,0,"43,0%",0,"3,0%",0,"14,0%",0,"41,0%",0,0,0,0,0,0,0,0,0,0,0,0,0,0,1,1,0,1,0,0,0,0,0,0,0,0,0,0,0,0,0,0,0,0,0,0,0,0,0,0,0,3,1,1,2,2,0,0,0
Levante UD,Goalkeeper,1,Koke,2,0,"0,0%",0,"0,0%",0,"0,0%",0,"0,0%",0,0,0,0,0,0,0,0,0,0,0,0,0,0,0,0,0,0,0,0,0,0,0,0,0,0,0,0,0,0,0,0,0,0,0,0,0,0,0,0,0,0,0,0,1,0,0,0,0
Levante UD,Goalkeeper,13,Oier,90,1,"3,0%",1,"3,0%",1,"3,0%",0,"0,0%",0,0,0,0,0,0,2,0,0,9,1,0,0,0,0,0,0,0,0,0,0,0,0,0,0,0,0,0,0,0,0,0,0,0,0,0,0,0,0,0,0,0,0,0,23,6,17,0,0
Levante UD,Goalkeeper,25,Aitor Fdez.,39,0,"1,0%",0,"1,0%",0,"1,0%",0,"0,0%",0,0,0,0,0,0,1,0,0,4,0,0,0,0,0,0,0,0,0,0,0,0,0,0,0,0,0,0,0,0,0,0,0,0,0,0,0,0,0,0,0,0,0,0,10,3,8,0,0
Levante UD,Defender,,Jordi,0,0,"0,0%",0,"0,0%",0,"0,0%",0,"0,0%",0,0,0,0,0,0,0,0,0,0,0,0,0,0,0,0,0,0,0,0,0,0,0,0,0,0,0,0,0,0,0,0,0,0,0,0,0,0,0,0,0,0,0,0,0,0,0,0,0
Levante UD,Defender,3,Toño,48,1,"2,0%",1,"1,0%",1,"2,0%",0,"0,0%",0,0,0,0,0,0,1,0,0,3,1,0,0,0,2,2,0,0,0,1,0,0,0,0,0,0,0,0,1,1,0,0,0,0,0,0,0,0,1,0,1,4,4,1,17,15,2,0,0
Levante UD,Defender,4,Rober Pier,77,1,"2,0%",1,"2,0%",1,"2,0%",0,"0,0%",0,0,0,0,0,0,2,1,1,5,3,1,0,0,2,1,2,2,0,0,1,0,0,0,0,0,0,0,0,0,0,0,0,0,0,0,0,0,0,0,1,7,3,4,30,25,5,0,0
Levante UD,Defender,6,Chema R.,33,1,"49,0%",0,"22,0%",0,"32,0%",0,"27,0%",0,0,0,0,0,0,1,0,1,1,2,1,0,0,1,1,1,1,0,0,1,0,0,0,0,0,0,0,0,0,0,0,0,0,0,0,0,0,0,0,1,3,2,1,10,7,2,0,0
Levante UD,Defender,12,Coke,49,1,"2,0%",0,"1,0%",1,"1,0%",0,"1,0%",0,0,0,0,0,0,1,0,1,3,1,1,1,0,2,2,1,1,0,1,1,0,0,0,0,0,0,0,0,1,0,0,0,0,0,0,0,0,1,0,1,6,5,2,20,17,3,0,0
Levante UD,Defender,14,Rubén Vezo,40,1,"49,0%",0,"41,0%",0,"43,0%",0,"8,0%",0,0,0,0,0,0,1,1,1,2,3,1,0,0,1,1,1,1,0,0,1,0,0,0,0,0,0,0,0,0,0,0,0,0,0,0,0,0,0,0,1,4,2,2,15,13,3,0,0
Levante UD,Defender,15,Postigo,39,1,"2,0%",0,"1,0%",1,"1,0%",0,"1,0%",0,0,0,0,0,0,1,0,1,2,2,0,0,0,1,1,1,1,0,0,0,0,0,0,0,0,0,0,0,0,0,0,0,0,0,0,0,0,0,0,1,3,1,1,13,10,3,0,0
Levante UD,Defender,18,E. Cabaco,43,1,"54,0%",0,"30,0%",1,"51,0%",0,"24,0%",0,0,0,0,0,0,1,0,1,2,2,0,0,0,1,1,1,1,0,0,1,0,0,0,1,0,0,0,0,0,0,0,0,0,0,0,0,0,0,0,1,4,2,2,18,14,4,0,0
Levante UD,Defender,19,Pedro López,12,0,"19,0%",0,"5,0%",0,"8,0%",0,"14,0%",0,0,0,0,0,0,0,0,0,1,0,0,0,0,1,1,0,0,0,0,0,0,0,0,0,0,0,0,0,0,0,0,0,0,0,0,0,0,0,0,0,1,1,0,5,4,1,0,0
Levante UD,Defender,22,Antonio Luna,33,0,"41,0%",0,"30,0%",0,"35,0%",0,"11,0%",0,0,0,0,0,0,1,0,0,3,1,0,0,0,1,1,0,0,0,0,0,0,0,0,0,0,0,0,0,0,0,0,0,0,0,0,0,0,1,0,0,3,2,1,13,11,2,0,0
Levante UD,Midfielder,5,Doukouré C.,13,0,"1,0%",0,"0,0%",0,"0,0%",0,"1,0%",0,0,0,0,0,0,0,0,0,1,0,0,0,0,1,1,0,0,0,0,1,0,0,0,0,0,0,0,0,0,0,0,0,0,0,0,0,0,0,0,1,3,2,1,4,4,0,0,0
Levante UD,Midfielder,10,Bardhi,75,1,"95,0%",1,"59,0%",1,"81,0%",0,"35,0%",0,0,0,0,0,0,1,0,1,5,1,1,1,0,4,5,0,1,0,1,2,0,0,0,0,1,1,0,1,1,0,0,0,0,0,0,0,0,1,1,2,10,9,1,29,26,3,0,0
Levante UD,Midfielder,11,J. Morales,84,1,"97,0%",1,"86,0%",1,"95,0%",0,"11,0%",0,0,0,0,0,0,2,0,0,3,0,0,0,0,4,6,0,1,1,1,1,0,0,0,0,1,1,0,2,2,0,0,0,0,3,0,0,0,2,0,1,11,10,2,18,17,2,0,0
Levante UD,Midfielder,16,Rochina,48,1,"70,0%",0,"11,0%",1,"59,0%",1,"59,0%",0,0,0,0,0,0,1,0,1,3,0,1,1,0,4,5,1,1,0,1,1,0,0,0,1,1,0,0,2,1,0,0,0,0,0,0,0,0,1,1,1,11,9,1,25,20,5,0,0
Levante UD,Midfielder,17,Vukčević,18,0,"1,0%",0,"0,0%",0,"1,0%",0,"1,0%",0,0,0,0,0,0,0,0,0,1,0,1,0,0,1,1,1,0,0,0,1,0,0,0,0,0,0,0,0,0,0,0,0,0,0,0,0,0,0,0,1,3,2,1,7,6,1,0,0
Levante UD,Midfielder,23,Jason,63,1,"2,0%",1,"1,0%",1,"2,0%",0,"1,0%",0,0,0,0,0,0,1,0,1,4,1,1,1,0,3,4,1,1,0,1,1,0,0,0,0,1,0,0,1,1,0,0,0,0,0,0,0,0,2,0,1,9,8,2,18,16,2,0,0
Levante UD,Midfielder,24,J. Campaña,85,1,"95,0%",1,"86,0%",1,"95,0%",0,"8,0%",0,0,0,0,0,0,2,0,1,7,1,1,1,0,4,4,1,1,0,1,1,0,0,0,1,0,0,0,1,1,0,0,0,0,0,0,0,0,1,3,2,10,8,2,49,45,4,0,0
Levante UD,Midfielder,27,Fran Manzanara,4,0,"8,0%",0,"3,0%",0,"3,0%",0,"5,0%",0,0,0,0,0,0,0,0,0,0,0,0,0,0,0,0,0,0,0,0,0,0,0,0,0,0,0,0,0,0,0,0,0,0,0,0,0,0,0,0,0,1,0,0,2,2,0,0,0
Levante UD,Midfielder,31,Arturo Molina,0,0,"0,0%",0,"0,0%",0,"0,0%",0,"0,0%",0,0,0,0,0,0,0,0,0,0,0,0,0,0,0,0,0,0,0,0,0,0,0,0,0,0,0,0,0,0,0,0,0,0,0,0,0,0,0,0,0,0,0,0,0,0,0,0,0
Levante UD,Forward,2,B. Mayoral,44,1,"2,0%",0,"1,0%",0,"1,0%",1,"1,0%",0,0,0,0,0,0,1,0,0,2,0,0,0,0,2,2,1,1,0,1,0,0,0,0,0,1,0,0,1,1,0,0,0,0,0,0,0,0,0,0,0,6,4,2,11,10,1,0,0
Levante UD,Forward,7,Moses,21,1,"49,0%",0,"8,0%",0,"22,0%",0,"41,0%",0,0,0,0,0,0,0,0,0,1,0,0,0,0,1,1,0,0,0,0,0,0,0,0,0,0,0,0,1,0,0,0,0,0,0,0,0,0,1,0,0,3,2,0,6,5,1,0,0
Levante UD,Forward,9,Roger,50,1,"81,0%",0,"22,0%",1,"59,0%",1,"59,0%",0,0,0,0,0,0,1,0,0,1,0,0,0,0,1,2,1,2,0,1,1,0,0,0,0,2,1,0,0,0,0,0,0,0,2,0,0,0,0,0,0,6,4,2,9,8,1,0,0
Levante UD,Forward,20,Dwamena,6,0,"30,0%",0,"0,0%",0,"0,0%",0,"30,0%",0,0,0,0,0,0,0,0,0,0,0,0,0,0,0,0,0,0,0,0,0,0,0,0,0,0,0,0,0,0,0,0,0,0,0,0,0,0,0,0,0,1,1,1,1,1,0,0,0
R. Valladolid CF,Goalkeeper,1,Masip,85,1,"2,0%",1,"2,0%",1,"2,0%",0,"0,0%",0,0,0,0,0,0,1,0,0,9,0,0,0,0,0,0,0,0,0,0,0,0,0,0,0,0,0,0,0,0,0,0,0,0,0,0,0,0,0,0,0,0,0,0,27,4,22,0,0
R. Valladolid CF,Goalkeeper,13,Yoel,7,0,"5,0%",0,"5,0%",0,"5,0%",0,"0,0%",0,0,0,0,0,0,0,0,0,1,0,0,0,0,0,0,0,0,0,0,0,0,0,0,0,0,0,0,0,0,0,0,0,0,0,0,0,0,0,0,0,0,0,0,2,0,2,0,0
R. Valladolid CF,Defender,2,Joaquín,22,0,"32,0%",0,"19,0%",0,"22,0%",0,"14,0%",0,0,0,0,0,0,0,0,0,1,1,0,0,0,1,0,1,1,0,0,0,0,0,0,0,0,0,0,0,0,0,0,0,0,0,0,0,0,0,0,0,3,1,2,8,7,1,0,0
R. Valladolid CF,Defender,3,Moisés,7,0,"5,0%",0,"5,0%",0,"5,0%",0,"0,0%",0,0,0,0,0,0,0,0,0,0,0,0,0,0,0,0,0,0,0,0,0,0,0,0,0,0,0,0,0,0,0,0,0,0,0,0,0,0,0,0,0,1,1,0,2,2,0,0,0
R. Valladolid CF,Defender,4,K. Olivas,82,1,"92,0%",1,"86,0%",1,"92,0%",0,"5,0%",0,0,0,0,0,0,1,1,1,5,4,1,0,0,3,1,2,2,0,1,0,0,0,0,0,0,0,0,1,0,0,0,0,0,0,0,0,0,0,0,1,7,4,3,36,32,4,0,0
R. Valladolid CF,Defender,5,Calero,82,1,"95,0%",1,"92,0%",1,"95,0%",0,"3,0%",0,0,0,0,0,0,1,1,1,4,4,1,1,0,2,1,2,2,0,0,1,0,0,0,0,0,0,0,0,0,0,0,0,0,0,0,0,0,0,0,1,8,3,4,38,32,6,0,0
R. Valladolid CF,Defender,17,Moyano,57,1,"2,0%",0,"1,0%",1,"2,0%",0,"1,0%",0,0,0,0,0,0,1,0,1,3,2,1,0,0,1,1,1,1,0,1,0,0,0,0,0,0,0,0,0,0,0,0,0,0,0,0,0,0,1,0,1,4,2,2,19,16,4,0,0
R. Valladolid CF,Defender,18,Antoñito,49,1,"78,0%",0,"41,0%",1,"46,0%",0,"38,0%",0,0,0,0,0,0,1,0,1,2,1,1,0,0,2,2,0,1,0,0,1,0,0,0,0,0,0,0,1,1,0,0,0,0,0,0,0,0,2,0,1,5,4,1,17,15,2,0,0
R. Valladolid CF,Defender,22,Nacho,85,1,"2,0%",1,"2,0%",1,"2,0%",0,"0,0%",0,0,0,0,0,0,1,0,1,5,2,2,1,0,4,2,1,1,0,1,1,0,0,0,0,0,0,0,0,0,0,0,0,0,0,0,0,0,4,0,3,8,6,2,37,29,8,0,0
R. Valladolid CF,Defender,28,Salisu,0,0,"0,0%",0,"0,0%",0,"0,0%",0,"0,0%",0,0,0,0,0,0,0,0,0,0,0,0,0,0,0,0,0,0,0,0,0,0,0,0,0,0,0,0,0,0,0,0,0,0,0,0,0,0,0,0,0,0,0,0,0,0,0,0,0
R. Valladolid CF,Defender,34,Roberto Corral,0,0,"0,0%",0,"0,0%",0,"0,0%",0,"0,0%",0,0,0,0,0,0,0,0,0,0,0,0,0,0,0,0,0,0,0,0,0,0,0,0,0,0,0,0,0,0,0,0,0,0,0,0,0,0,0,0,0,0,0,0,0,0,0,0,0
R. Valladolid CF,Defender,38,Javier Aparicio,0,0,"0,0%",0,"0,0%",0,"0,0%",0,"0,0%",0,0,0,0,0,0,0,0,0,0,0,0,0,0,0,0,0,0,0,0,0,0,0,0,0,0,0,0,0,0,0,0,0,0,0,0,0,0,0,0,0,0,0,0,0,0,0,0,0
R. Valladolid CF,Midfielder,,Hervías,14,0,"1,0%",0,"0,0%",0,"1,0%",0,"1,0%",0,0,0,0,0,0,0,0,0,1,0,0,0,0,1,1,0,0,0,0,0,0,0,0,0,0,0,0,0,0,0,0,0,0,0,0,0,0,1,1,0,2,1,0,4,4,0,0,0
R. Valladolid CF,Midfielder,6,Luismi,0,0,"0,0%",0,"0,0%",0,"0,0%",0,"0,0%",0,0,0,0,0,0,0,0,0,0,0,0,0,0,0,0,0,0,0,0,0,0,0,0,0,0,0,0,0,0,0,0,0,0,0,0,0,0,0,0,0,0,0,0,0,0,0,0,0
R. Valladolid CF,Midfielder,7,Waldo,13,0,"1,0%",0,"0,0%",0,"0,0%",0,"1,0%",0,0,0,0,0,0,0,0,0,1,0,0,0,0,0,1,0,0,0,0,0,0,0,0,0,0,0,0,0,0,0,0,0,0,0,0,0,0,0,0,0,1,1,0,4,3,0,0,0
R. Valladolid CF,Midfielder,8,Borja,22,1,"49,0%",0,"14,0%",0,"24,0%",0,"35,0%",0,0,0,0,0,0,0,0,0,1,1,0,0,0,1,1,1,1,0,0,0,0,0,0,0,0,0,0,0,0,0,0,0,0,0,0,0,0,0,0,0,3,1,2,10,8,2,0,0
R. Valladolid CF,Midfielder,10,Óscar Plano,73,1,"2,0%",1,"2,0%",1,"2,0%",0,"1,0%",0,0,0,0,0,0,1,0,1,4,1,1,1,0,4,4,1,2,0,2,2,0,0,0,1,1,0,0,1,0,0,0,0,0,0,0,0,0,1,1,2,11,8,3,21,19,2,0,0
R. Valladolid CF,Midfielder,11,Verde,17,1,"57,0%",0,"3,0%",0,"8,0%",1,"54,0%",0,0,0,0,0,0,0,0,0,1,0,0,0,0,1,1,0,0,0,0,0,0,0,0,0,1,0,0,0,0,0,0,0,0,1,0,0,0,1,1,0,2,2,0,6,6,1,0,0
R. Valladolid CF,Midfielder,14,Rubén Alcaraz,78,1,"89,0%",1,"84,0%",1,"89,0%",0,"5,0%",0,0,0,0,0,0,1,0,1,7,1,1,1,0,6,4,1,2,0,3,2,0,0,0,1,1,0,0,1,0,0,0,0,0,0,0,0,0,1,0,3,14,10,3,45,37,8,0,0
R. Valladolid CF,Midfielder,19,Toni,47,1,"68,0%",0,"11,0%",1,"54,0%",1,"57,0%",0,0,0,0,0,0,1,0,0,3,0,1,1,0,4,4,0,1,0,1,1,0,0,0,0,1,0,0,1,1,0,0,0,0,0,0,0,0,1,0,1,8,8,1,15,14,1,0,0
R. Valladolid CF,Midfielder,21,Míchel,67,1,"92,0%",1,"54,0%",1,"73,0%",0,"38,0%",0,0,0,0,0,0,1,0,1,6,1,1,1,0,3,3,1,1,0,1,1,0,0,0,1,1,0,0,1,0,0,0,0,0,0,0,0,0,2,3,2,8,6,2,42,36,6,0,0
R. Valladolid CF,Midfielder,23,Anuar,34,1,"2,0%",0,"1,0%",0,"1,0%",0,"1,0%",0,0,0,0,0,0,0,0,0,2,1,1,0,0,2,2,1,1,0,1,1,0,0,0,0,0,0,0,0,0,0,0,0,0,0,0,0,0,0,0,1,5,3,2,12,11,1,0,0
R. Valladolid CF,Midfielder,24,Keko Gontán,41,1,"68,0%",0,"8,0%",1,"51,0%",1,"59,0%",0,0,0,0,0,0,1,0,0,2,0,1,1,0,2,3,0,1,0,1,1,0,0,0,0,1,0,0,1,1,0,0,0,0,0,0,0,0,3,0,1,6,5,1,11,10,1,0,0
R. Valladolid CF,Midfielder,27,Miguel De la Fuente,0,0,"0,0%",0,"0,0%",0,"0,0%",0,"0,0%",0,0,0,0,0,0,0,0,0,0,0,0,0,0,0,0,0,0,0,0,0,0,0,0,0,0,0,0,0,0,0,0,0,0,0,0,0,0,0,0,0,0,0,0,0,0,0,0,0
R. Valladolid CF,Midfielder,31,Pablo Muñoz,0,0,"0,0%",0,"0,0%",0,"0,0%",0,"0,0%",0,0,0,0,0,0,0,0,0,0,0,0,0,0,0,0,0,0,0,0,0,0,0,0,0,0,0,0,0,0,0,0,0,0,0,0,0,0,0,0,0,0,0,0,0,0,0,0,0
R. Valladolid CF,Midfielder,37,Hacen,0,0,"0,0%",0,"0,0%",0,"0,0%",0,"0,0%",0,0,0,0,0,0,0,0,0,0,0,0,0,0,0,0,0,0,0,0,0,0,0,0,0,0,0,0,0,0,0,0,0,0,0,0,0,0,0,0,0,0,0,0,0,0,0,0,0
R. Valladolid CF,Forward,9,Enes Ünal,57,1,"86,0%",0,"30,0%",1,"65,0%",1,"57,0%",0,0,0,0,0,0,1,0,0,2,1,0,0,0,2,3,3,4,0,1,1,0,0,0,0,1,0,0,1,1,0,0,0,0,3,0,0,0,0,0,0,11,5,7,14,13,1,0,0
R. Valladolid CF,Forward,12,Sergi Guardiola,42,1,"1,0%",0,"1,0%",1,"1,0%",0,"0,0%",0,0,0,0,0,0,1,0,0,1,1,0,0,0,2,3,1,2,0,1,1,0,0,0,0,1,0,0,1,1,0,0,0,0,0,0,0,0,1,0,1,8,5,4,10,9,1,0,0
R. Valladolid CF,Forward,20,Duje Cop,18,1,"46,0%",0,"5,0%",0,"14,0%",0,"41,0%",0,0,0,0,0,0,0,0,0,0,0,0,0,0,0,1,0,1,0,0,0,0,0,0,0,0,0,0,0,0,0,0,0,0,0,0,0,0,0,0,0,2,1,1,4,4,0,0,0
R. Valladolid CF,Forward,42,Stiven ,1,0,"0,0%",0,"0,0%",0,"0,0%",0,"0,0%",0,0,0,0,0,0,0,0,0,0,0,0,0,0,0,0,0,0,0,0,0,0,0,0,0,0,0,0,0,0,0,0,0,0,0,0,0,0,0,0,0,0,0,0,0,0,0,0,0
Rayo Vallecano,Goalkeeper,1,Alberto G.,43,1,"1,0%",1,"1,0%",1,"1,0%",0,"0,0%",0,0,0,0,0,0,1,0,0,4,0,0,0,0,0,0,0,0,0,0,0,0,0,0,0,0,0,0,0,0,0,0,0,0,0,0,0,0,0,0,0,0,0,0,13,5,8,0,0
Rayo Vallecano,Goalkeeper,13,Dimitrievski,50,1,"54,0%",1,"54,0%",1,"54,0%",0,"0,0%",0,0,0,0,0,0,1,0,0,5,0,0,0,0,0,0,0,0,0,0,0,0,0,0,0,0,0,0,0,0,0,0,0,0,0,0,0,0,0,0,0,0,0,0,14,4,9,0,0
Rayo Vallecano,Goalkeeper,30,Miguel Ángel Morro,0,0,"0,0%",0,"0,0%",0,"0,0%",0,"0,0%",0,0,0,0,0,0,0,0,0,0,0,0,0,0,0,0,0,0,0,0,0,0,0,0,0,0,0,0,0,0,0,0,0,0,0,0,0,0,0,0,0,0,0,0,0,0,0,0,0
Rayo Vallecano,Defender,,Alejandro Catena,5,0,"3,0%",0,"0,0%",0,"3,0%",0,"3,0%",0,0,0,0,0,0,0,0,0,0,0,0,0,0,0,0,0,0,0,0,0,0,0,0,0,0,0,0,0,0,0,0,0,0,0,0,0,0,0,0,0,1,0,0,3,2,0,0,0
Rayo Vallecano,Defender,,Sergio Akieme,5,0,"3,0%",0,"3,0%",0,"3,0%",0,"0,0%",0,0,0,0,0,0,0,0,0,0,0,0,0,0,0,0,0,0,0,0,0,0,0,0,0,0,0,0,0,0,0,0,0,0,0,0,0,0,0,0,0,1,0,0,2,2,0,0,0
Rayo Vallecano,Defender,2,Tito L. V.,30,0,"1,0%",0,"1,0%",0,"1,0%",0,"0,0%",0,0,0,0,0,0,1,0,1,1,1,0,0,0,1,1,1,1,0,0,0,0,0,0,0,0,0,0,0,0,0,0,0,0,0,0,0,0,0,0,0,3,2,1,13,12,2,0,0
Rayo Vallecano,Defender,7,Álex Moreno,85,1,"3,0%",1,"2,0%",1,"3,0%",0,"0,0%",0,0,0,0,0,0,2,0,1,6,2,1,1,0,4,4,1,1,0,1,1,0,0,0,0,0,0,0,2,1,0,0,0,0,0,0,0,0,3,0,2,11,9,2,30,26,3,0,0
Rayo Vallecano,Defender,16,Amat,81,1,"2,0%",1,"2,0%",1,"2,0%",0,"0,0%",0,0,0,0,0,0,2,0,1,4,4,1,1,0,3,2,1,1,0,0,1,0,0,0,1,0,0,0,1,0,0,0,0,0,0,0,0,0,0,0,2,8,5,3,38,32,6,0,0
Rayo Vallecano,Defender,17,Advíncula,63,1,"73,0%",1,"62,0%",1,"70,0%",0,"11,0%",0,0,0,0,0,0,1,0,1,3,1,1,0,0,4,3,1,1,0,1,1,0,0,0,0,0,0,0,1,0,0,0,0,0,0,0,0,0,1,0,1,8,6,2,25,22,3,0,0
Rayo Vallecano,Defender,20,E. Velázquez,34,1,"46,0%",0,"30,0%",0,"35,0%",0,"16,0%",0,0,0,0,0,0,1,0,1,2,3,1,0,0,2,1,1,1,0,0,1,0,0,0,1,0,0,0,0,0,0,0,0,0,0,0,0,0,0,0,1,5,3,2,13,10,3,0,0
Rayo Vallecano,Defender,21,A. Ba,57,1,"2,0%",1,"2,0%",1,"2,0%",0,"0,0%",0,0,0,0,0,0,1,1,1,4,4,1,0,0,2,1,2,1,0,0,1,0,0,0,0,0,0,0,0,0,0,0,0,0,0,0,0,0,0,0,1,5,3,3,28,23,6,0,0
Rayo Vallecano,Defender,23,Gálvez,39,1,"1,0%",0,"1,0%",1,"1,0%",0,"1,0%",0,0,0,0,0,0,1,0,1,3,2,1,0,0,1,1,1,1,0,0,1,0,0,0,0,0,0,0,0,0,0,0,0,0,0,0,0,0,0,0,1,4,3,2,19,16,3,0,0
Rayo Vallecano,Defender,31,Martín Pascual,0,0,"0,0%",0,"0,0%",0,"0,0%",0,"0,0%",0,0,0,0,0,0,0,0,0,0,0,0,0,0,0,0,0,0,0,0,0,0,0,0,0,0,0,0,0,0,0,0,0,0,0,0,0,0,0,0,0,0,0,0,0,0,0,0,0
Rayo Vallecano,Defender,33,Luis Meseguer,0,0,"0,0%",0,"0,0%",0,"0,0%",0,"0,0%",0,0,0,0,0,0,0,0,0,0,0,0,0,0,0,0,0,0,0,0,0,0,0,0,0,0,0,0,0,0,0,0,0,0,0,0,0,0,0,0,0,0,0,0,0,0,0,0,0
Rayo Vallecano,Midfielder,,Santi Comesaña,55,1,"2,0%",1,"2,0%",1,"2,0%",0,"0,0%",0,0,0,0,0,0,1,0,1,4,1,1,1,0,3,3,1,1,0,1,1,0,0,0,0,0,0,0,1,0,0,0,0,0,0,0,0,0,0,0,2,8,6,3,29,26,3,0,0
Rayo Vallecano,Midfielder,3,Uche,10,0,"14,0%",0,"8,0%",0,"11,0%",0,"5,0%",0,0,0,0,0,0,0,0,0,1,0,0,0,0,0,1,0,0,0,0,0,0,0,0,0,0,0,0,0,0,0,0,0,0,0,0,0,0,0,0,0,1,1,0,5,5,0,0,0
Rayo Vallecano,Midfielder,4,Medrán,30,1,"54,0%",0,"8,0%",0,"30,0%",0,"46,0%",0,0,0,0,0,0,1,0,1,2,0,0,0,0,1,2,0,0,0,1,1,0,0,0,0,1,0,0,1,0,0,0,0,0,0,0,0,0,0,1,0,4,3,1,19,17,3,0,0
Rayo Vallecano,Midfielder,6,Gorka,20,0,"1,0%",0,"0,0%",0,"1,0%",0,"1,0%",0,0,0,0,0,0,0,0,0,1,1,0,0,0,1,1,1,0,0,0,0,0,0,0,0,0,0,0,0,0,0,0,0,0,0,0,0,0,0,0,1,3,1,1,10,9,1,0,0
Rayo Vallecano,Midfielder,10,Kakuta,21,0,"1,0%",0,"0,0%",0,"1,0%",0,"1,0%",0,0,0,0,0,0,1,0,0,1,0,0,0,0,1,1,0,0,0,0,0,0,0,0,0,0,0,0,1,0,0,0,0,0,1,0,0,0,1,0,0,3,2,1,7,7,0,0,0
Rayo Vallecano,Midfielder,12,Giannelli Imbula,62,1,"2,0%",1,"1,0%",1,"2,0%",0,"1,0%",0,0,0,0,0,0,1,0,0,3,0,0,0,0,4,3,0,1,0,1,1,0,0,0,0,1,0,0,2,1,0,0,0,0,0,0,0,0,0,1,1,8,7,1,25,24,2,0,0
Rayo Vallecano,Midfielder,14,Bebé,36,1,"76,0%",0,"19,0%",0,"38,0%",1,"57,0%",0,0,0,0,0,0,1,0,0,2,0,0,0,0,2,2,1,1,0,0,1,0,0,0,0,1,0,0,1,1,0,0,0,0,0,0,0,0,3,0,1,5,4,1,11,9,2,0,0
Rayo Vallecano,Midfielder,15,Mario Suárez,27,0,"35,0%",0,"22,0%",0,"30,0%",0,"14,0%",0,0,0,0,0,0,1,0,0,2,0,1,0,0,2,1,1,1,0,1,1,0,0,0,0,0,0,0,0,0,0,0,0,0,0,0,0,0,0,0,1,5,3,1,15,14,2,0,0
Rayo Vallecano,Midfielder,18,Álvaro,46,1,"92,0%",0,"19,0%",0,"43,0%",1,"73,0%",0,0,0,0,0,0,1,0,1,2,1,1,0,0,1,2,0,0,0,0,0,0,0,0,0,1,0,0,0,0,0,0,0,0,0,0,0,0,2,0,1,4,3,0,11,10,1,0,0
Rayo Vallecano,Midfielder,22,Pozo,42,1,"76,0%",0,"19,0%",0,"41,0%",1,"57,0%",0,0,0,0,0,0,1,0,0,2,0,0,0,0,3,3,0,1,0,1,0,0,0,0,0,0,0,0,2,1,0,0,0,0,0,0,0,0,1,0,0,6,5,1,19,18,1,0,0
Rayo Vallecano,Midfielder,25,Franco Di Santo,5,0,"1,0%",0,"0,0%",0,"0,0%",0,"0,0%",0,0,0,0,0,0,0,0,0,0,0,0,0,0,0,0,0,0,0,0,0,0,0,0,0,0,0,0,0,0,0,0,0,0,0,0,0,0,0,0,0,1,0,0,1,1,0,0,0
Rayo Vallecano,Midfielder,34,Manuel Navarro,0,0,"0,0%",0,"0,0%",0,"0,0%",0,"0,0%",0,0,0,0,0,0,0,0,0,0,0,0,0,0,0,0,0,0,0,0,0,0,0,0,0,0,0,0,0,0,0,0,0,0,0,0,0,0,0,0,0,0,0,0,0,0,0,0,0
Rayo Vallecano,Midfielder,35,Ángel Algobia,0,0,"0,0%",0,"0,0%",0,"0,0%",0,"0,0%",0,0,0,0,0,0,0,0,0,0,0,0,0,0,0,0,0,0,0,0,0,0,0,0,0,0,0,0,0,0,0,0,0,0,0,0,0,0,0,0,0,0,0,0,0,0,0,0,0
Rayo Vallecano,Forward,8,M. L. S. Trejo,48,1,"2,0%",0,"1,0%",1,"2,0%",1,"1,0%",0,0,0,0,0,0,1,0,1,3,0,1,0,0,4,4,1,1,0,1,1,0,0,0,1,0,0,0,1,1,0,0,0,0,1,0,0,0,1,0,2,9,8,2,23,22,1,0,0
Rayo Vallecano,Forward,9,R. D. T.,74,1,"86,0%",1,"62,0%",1,"84,0%",0,"24,0%",0,0,0,0,0,0,1,0,0,2,1,0,0,0,2,4,1,2,1,1,2,0,0,0,0,2,1,0,1,1,0,0,0,0,0,0,0,0,0,0,0,10,7,3,12,11,1,0,0
Rayo Vallecano,Forward,11,Embarba,60,1,"95,0%",0,"24,0%",1,"70,0%",1,"70,0%",0,0,0,0,0,0,1,0,1,3,0,1,1,0,4,5,1,1,0,1,1,0,0,0,0,1,1,0,1,1,0,0,0,0,3,0,0,0,4,3,1,10,8,2,15,14,1,0,0
Rayo Vallecano,Forward,19,Lass B.,0,0,"0,0%",0,"0,0%",0,"0,0%",0,"0,0%",0,0,0,0,0,0,0,0,0,0,0,0,0,0,0,0,0,0,0,0,0,0,0,0,0,0,0,0,0,0,0,0,0,0,0,0,0,0,0,0,0,0,0,0,0,0,0,0,0
Rayo Vallecano,Forward,24,Javi Guerra,6,0,"19,0%",0,"3,0%",0,"3,0%",0,"16,0%",0,0,0,0,0,0,0,0,0,0,0,0,0,0,0,0,0,0,0,0,0,0,0,0,0,0,0,0,0,0,0,0,0,0,0,0,0,0,0,0,0,1,1,1,2,2,0,0,0
Rayo Vallecano,Forward,29,Sergio Moreno,7,1,"1,0%",0,"0,0%",0,"0,0%",1,"1,0%",0,0,0,0,0,0,0,0,0,0,0,0,0,0,1,0,0,0,0,1,0,0,0,0,0,1,1,0,0,0,0,0,0,0,0,0,0,0,0,0,0,1,1,0,1,1,0,0,0
RC Celta,Goalkeeper,1,Sergio A.,90,1,"3,0%",1,"3,0%",1,"3,0%",0,"0,0%",0,0,0,0,0,0,2,0,0,9,1,0,0,0,0,0,0,0,0,0,0,0,0,0,0,0,0,0,0,0,0,0,0,0,0,0,0,0,0,0,0,1,0,0,32,12,20,0,0
RC Celta,Goalkeeper,13,Rubén Blanco,59,1,"65,0%",1,"65,0%",1,"65,0%",0,"0,0%",0,0,0,0,0,0,1,0,0,5,1,0,0,0,0,0,0,0,0,0,0,0,0,0,0,0,0,0,0,0,0,0,0,0,0,0,0,0,0,0,0,0,0,0,18,6,12,0,0
RC Celta,Goalkeeper,26,Iván Villar,0,0,"0,0%",0,"0,0%",0,"0,0%",0,"0,0%",0,0,0,0,0,0,0,0,0,0,0,0,0,0,0,0,0,0,0,0,0,0,0,0,0,0,0,0,0,0,0,0,0,0,0,0,0,0,0,0,0,0,0,0,0,0,0,0,0
RC Celta,Defender,,Lucas Olaza,24,0,"24,0%",0,"22,0%",0,"24,0%",0,"3,0%",0,0,0,0,0,0,0,0,0,1,0,1,0,0,1,0,0,0,0,0,0,0,0,0,0,0,0,0,0,0,0,0,0,0,0,0,0,0,1,0,1,2,1,0,10,8,1,0,0
RC Celta,Defender,2,Hugo Mallo,81,1,"92,0%",1,"86,0%",1,"92,0%",0,"5,0%",0,0,0,0,0,0,1,0,1,4,3,1,1,0,3,3,2,2,0,1,1,0,0,0,1,1,0,0,1,0,0,0,0,0,0,0,0,0,4,1,2,9,6,3,39,34,6,0,0
RC Celta,Defender,3,David Costas,35,0,"1,0%",0,"1,0%",0,"1,0%",0,"0,0%",0,0,0,0,0,0,1,0,1,2,2,0,0,0,1,1,1,0,0,0,1,0,0,0,0,0,0,0,0,0,0,0,0,0,0,0,0,0,0,0,1,3,2,1,20,18,3,0,0
RC Celta,Defender,4,Araújo,71,1,"84,0%",1,"76,0%",1,"78,0%",0,"8,0%",0,0,0,0,0,0,1,1,1,3,4,1,1,0,1,1,2,1,0,0,0,0,0,0,0,0,0,0,0,0,0,0,0,0,0,0,0,0,0,0,1,5,2,3,39,35,5,0,0
RC Celta,Defender,12,Wesley Hoedt,24,0,"1,0%",0,"1,0%",0,"1,0%",0,"0,0%",0,0,0,0,0,0,1,0,0,1,2,0,0,0,1,0,1,0,0,0,0,0,0,0,0,0,0,0,0,0,0,0,0,0,0,0,0,0,0,0,1,2,1,1,13,11,2,0,0
RC Celta,Defender,17,Juncà,63,1,"2,0%",1,"2,0%",1,"2,0%",0,"0,0%",0,0,0,0,0,0,1,0,1,3,2,1,1,0,3,2,1,1,0,1,1,0,0,0,0,0,0,0,1,0,0,0,0,0,0,0,0,0,2,0,2,7,5,2,30,27,3,0,0
RC Celta,Defender,20,Vázquez,8,0,"0,0%",0,"0,0%",0,"0,0%",0,"0,0%",0,0,0,0,0,0,0,0,0,0,0,0,0,0,1,0,0,0,0,0,0,0,0,0,0,0,0,0,0,0,0,0,0,0,0,0,0,0,0,0,0,1,1,0,3,3,0,0,0
RC Celta,Defender,22,G. Cabral,50,1,"62,0%",1,"49,0%",1,"54,0%",0,"14,0%",0,0,0,0,0,0,1,0,1,3,3,1,0,0,1,1,2,1,0,0,1,0,0,0,0,0,0,0,0,0,0,0,0,0,0,0,0,0,0,0,1,5,2,3,24,21,3,0,0
RC Celta,Midfielder,5,Okay,58,1,"78,0%",0,"38,0%",1,"68,0%",0,"41,0%",0,0,0,0,0,0,1,0,1,5,1,1,1,0,3,2,2,1,0,1,1,0,0,0,1,0,0,0,1,0,0,0,0,0,0,0,0,0,0,0,2,9,6,3,37,33,3,0,0
RC Celta,Midfielder,6,Radoja,0,0,"0,0%",0,"0,0%",0,"0,0%",0,"0,0%",0,0,0,0,0,0,0,0,0,0,0,0,0,0,0,0,0,0,0,0,0,0,0,0,0,0,0,0,0,0,0,0,0,0,0,0,0,0,0,0,0,0,0,0,0,0,0,0,0
RC Celta,Midfielder,7,Emre Mor,11,0,"1,0%",0,"0,0%",0,"0,0%",0,"1,0%",0,0,0,0,0,0,0,0,0,1,0,0,0,0,1,1,0,0,0,0,0,0,0,0,0,0,0,0,0,0,0,0,0,0,0,0,0,0,0,0,0,2,2,0,3,2,0,0,0
RC Celta,Midfielder,8,F. Beltrán,41,1,"2,0%",0,"1,0%",0,"1,0%",1,"2,0%",0,0,0,0,0,0,1,0,1,3,0,1,0,0,1,2,0,1,0,0,0,0,0,0,0,0,0,0,0,0,0,0,0,0,0,0,0,0,0,0,1,3,3,1,23,22,2,0,0
RC Celta,Midfielder,14,Lobotka,66,1,"81,0%",1,"57,0%",1,"70,0%",0,"24,0%",0,0,0,0,0,0,1,0,1,4,0,1,0,0,3,2,0,1,0,1,1,0,0,0,0,0,0,0,1,0,0,0,0,0,0,0,0,0,0,0,1,6,5,1,37,35,2,0,0
RC Celta,Midfielder,16,Hjulsager,10,0,"1,0%",0,"0,0%",0,"0,0%",0,"1,0%",0,0,0,0,0,0,0,0,0,1,0,0,0,0,1,1,0,0,0,0,0,0,0,0,0,0,0,0,0,0,0,0,0,0,0,0,0,0,1,0,1,2,2,0,3,3,0,0,0
RC Celta,Midfielder,18,Jensen,7,0,"1,0%",0,"0,0%",0,"0,0%",0,"1,0%",0,0,0,0,0,0,0,0,0,1,0,0,0,0,0,1,0,0,0,0,0,0,0,0,0,0,0,0,0,0,0,0,0,0,0,0,0,0,0,0,0,1,1,0,2,2,0,0,0
RC Celta,Midfielder,19,Boufal,55,1,"92,0%",0,"5,0%",1,"68,0%",1,"86,0%",0,0,0,0,0,0,1,0,0,3,0,1,0,0,6,6,1,1,0,2,1,0,0,0,0,1,0,0,4,2,0,0,0,0,0,0,0,0,1,1,1,13,12,1,21,20,1,0,0
RC Celta,Midfielder,21,Jozabed,30,1,"51,0%",0,"19,0%",0,"38,0%",0,"32,0%",0,0,0,0,0,0,1,0,0,2,0,0,0,0,1,1,0,0,0,0,0,0,0,0,0,0,0,0,0,0,0,0,0,0,0,0,0,0,0,0,1,2,2,1,19,16,3,0,0
RC Celta,Midfielder,23,B. Méndez,62,1,"81,0%",1,"51,0%",1,"70,0%",0,"30,0%",0,0,0,0,0,0,1,0,1,4,1,1,1,0,4,4,1,2,0,2,1,0,0,0,0,1,1,0,1,1,0,0,0,0,1,0,0,0,1,2,2,10,8,2,29,27,2,0,0
RC Celta,Midfielder,24,Boudebouz,33,1,"51,0%",0,"11,0%",0,"35,0%",0,"41,0%",0,0,0,0,0,0,1,0,0,1,0,0,0,0,2,2,0,1,0,0,0,0,0,0,0,1,0,0,1,0,0,0,0,0,0,0,0,0,1,1,1,4,3,1,17,16,1,0,0
RC Celta,Forward,9,M. Gómez,78,1,"92,0%",1,"73,0%",1,"86,0%",0,"19,0%",0,0,0,0,0,0,1,0,0,2,1,0,0,0,2,3,4,4,1,2,2,0,0,0,0,2,1,0,0,0,0,0,0,0,1,0,0,0,0,0,0,13,5,7,18,16,1,0,0
RC Celta,Forward,10,Iago Aspas,59,1,"70,0%",0,"35,0%",1,"68,0%",0,"35,0%",0,0,0,1,0,0,1,0,0,3,0,0,0,0,2,2,1,1,0,1,0,0,0,0,0,1,1,0,1,0,0,0,0,0,5,0,0,0,1,0,0,6,4,2,23,21,1,0,0
RC Celta,Forward,11,Sisto,22,1,"65,0%",0,"3,0%",0,"22,0%",1,"62,0%",0,0,0,0,0,0,0,0,0,1,0,0,0,0,1,1,0,0,0,1,0,0,0,0,0,0,0,0,1,0,0,0,0,0,0,0,0,0,0,0,0,3,3,0,11,10,1,0,0
RCD Espanyol,Goalkeeper,1,Roberto,0,0,"0,0%",0,"0,0%",0,"0,0%",0,"0,0%",0,0,0,0,0,0,0,0,0,0,0,0,0,0,0,0,0,0,0,0,0,0,0,0,0,0,0,0,0,0,0,0,0,0,0,0,0,0,0,0,0,0,0,0,0,0,0,0,0
RCD Espanyol,Goalkeeper,13,Diego López,90,1,"100,0%",1,"100,0%",1,"100,0%",0,"0,0%",0,0,0,0,0,0,1,0,0,7,1,0,0,0,0,0,0,0,0,0,0,0,0,0,0,0,0,0,0,0,0,0,0,0,0,0,0,0,0,0,0,0,0,0,28,12,16,0,0
RCD Espanyol,Defender,,Lluís López,15,0,"1,0%",0,"0,0%",0,"0,0%",0,"0,0%",0,0,0,0,0,0,0,0,0,1,1,0,0,0,0,0,0,0,0,0,0,0,0,0,0,0,0,0,0,0,0,0,0,0,0,0,0,0,0,0,0,1,1,1,7,6,1,0,0
RCD Espanyol,Defender,5,Naldo,36,0,"41,0%",0,"30,0%",0,"41,0%",0,"11,0%",0,0,0,0,0,0,1,0,1,2,3,0,0,0,1,0,1,1,0,0,0,0,0,0,0,0,0,0,0,0,0,0,0,0,0,0,0,0,0,0,1,3,1,2,16,13,3,0,0
RCD Espanyol,Defender,6,O. Duarte,18,0,"1,0%",0,"1,0%",0,"1,0%",0,"0,0%",0,0,0,0,0,0,0,0,0,1,1,0,0,0,0,0,1,0,0,0,0,0,0,0,0,0,0,0,0,0,0,0,0,0,0,0,0,0,0,0,0,2,1,1,9,8,2,0,0
RCD Espanyol,Defender,8,Roberto Rosales ,46,1,"54,0%",0,"43,0%",1,"51,0%",0,"11,0%",0,0,0,0,0,0,1,0,1,3,2,1,0,0,2,2,1,1,0,0,1,0,0,0,0,0,0,0,0,0,0,0,0,0,0,0,0,0,1,0,1,6,4,2,24,21,3,0,0
RCD Espanyol,Defender,12,Dídac Vilà,69,1,"2,0%",1,"2,0%",1,"2,0%",0,"0,0%",0,0,0,0,0,0,1,0,2,4,2,1,1,0,3,3,1,1,0,1,1,0,0,0,1,0,0,0,0,0,0,0,0,0,0,0,0,0,2,0,2,8,6,2,33,27,5,0,0
RCD Espanyol,Defender,16,Javi López,56,1,"2,0%",1,"1,0%",1,"2,0%",0,"0,0%",0,0,0,0,0,0,1,0,1,3,2,1,1,0,3,2,1,1,0,1,1,0,0,0,0,0,0,0,1,0,0,0,0,0,0,0,0,0,2,0,2,7,6,2,24,22,3,0,0
RCD Espanyol,Defender,22,Hermoso,74,1,"84,0%",1,"78,0%",1,"81,0%",0,"5,0%",0,0,0,0,0,0,1,1,1,5,4,1,0,0,2,1,2,1,0,1,1,0,0,0,0,1,0,0,0,0,0,0,0,0,0,0,0,0,0,0,1,6,3,3,42,35,7,0,0
RCD Espanyol,Defender,28,Adrià Pedrosa,20,0,"30,0%",0,"19,0%",0,"19,0%",0,"11,0%",0,0,0,0,0,0,0,0,0,1,1,0,0,0,1,1,0,0,0,0,0,0,0,0,0,0,0,0,0,0,0,0,0,0,0,0,0,0,0,0,0,2,2,0,6,5,1,0,0
RCD Espanyol,Defender,32,Iago Indias,0,0,"0,0%",0,"0,0%",0,"0,0%",0,"0,0%",0,0,0,0,0,0,0,0,0,0,0,0,0,0,0,0,0,0,0,0,0,0,0,0,0,0,0,0,0,0,0,0,0,0,0,0,0,0,0,0,0,0,0,0,0,0,0,0,0
RCD Espanyol,Midfielder,,Alfa Semedo,1,0,"0,0%",0,"0,0%",0,"0,0%",0,"0,0%",0,0,0,0,0,0,0,0,0,0,0,0,0,0,0,0,0,0,0,0,0,0,0,0,0,0,0,0,0,0,0,0,0,0,0,0,0,0,0,0,0,1,0,0,1,1,0,0,0
RCD Espanyol,Midfielder,,Facundo Ferreyra,6,0,"1,0%",0,"0,0%",0,"0,0%",0,"1,0%",0,0,0,0,0,0,0,0,0,0,0,0,0,0,0,0,0,0,0,0,0,0,0,0,0,0,0,0,0,0,0,0,0,0,0,0,0,0,0,0,0,1,1,1,1,1,0,0,0
RCD Espanyol,Midfielder,4,Víctor S.,33,1,"62,0%",0,"24,0%",0,"35,0%",0,"38,0%",0,0,0,0,0,0,1,0,1,2,1,1,0,0,2,3,1,0,0,1,1,0,0,0,1,0,0,0,0,0,0,0,0,0,0,0,0,0,0,0,1,6,5,1,14,13,1,0,0
RCD Espanyol,Midfielder,10,S. Darder,72,1,"89,0%",1,"57,0%",1,"84,0%",0,"32,0%",0,0,0,0,0,0,1,0,1,4,1,1,1,0,3,3,0,1,0,1,1,0,0,0,0,1,0,0,1,1,0,0,0,0,0,0,0,0,1,1,2,7,6,1,33,29,3,0,0
RCD Espanyol,Midfielder,14,Melendo,53,1,"84,0%",0,"16,0%",1,"57,0%",1,"68,0%",0,0,0,0,0,0,1,0,0,3,0,0,0,0,3,2,0,1,0,2,0,0,0,0,0,0,0,0,1,0,0,0,0,0,0,0,0,0,0,0,0,6,5,1,23,22,1,0,0
RCD Espanyol,Midfielder,15,David López,70,1,"2,0%",1,"2,0%",1,"2,0%",0,"0,0%",0,0,0,0,0,0,1,1,1,4,3,1,0,0,2,1,2,2,0,1,1,0,0,0,0,0,0,0,0,0,0,0,0,0,0,0,0,0,0,0,1,7,3,4,46,41,6,0,0
RCD Espanyol,Midfielder,18,Álex López,3,0,"0,0%",0,"0,0%",0,"0,0%",0,"0,0%",0,0,0,0,0,0,0,0,0,0,0,0,0,0,0,0,0,0,0,0,0,0,0,0,0,0,0,0,0,0,0,0,0,0,0,0,0,0,0,0,0,1,0,0,2,2,0,0,0
RCD Espanyol,Midfielder,21,M. Roca,82,1,"92,0%",1,"81,0%",1,"92,0%",0,"11,0%",0,0,0,0,0,0,1,1,1,6,2,1,1,0,3,4,1,1,0,1,2,0,0,0,0,0,0,0,1,0,0,0,0,0,0,0,0,0,0,0,2,9,7,2,52,46,5,0,0
RCD Espanyol,Midfielder,23,Granero,53,1,"73,0%",0,"32,0%",1,"62,0%",0,"41,0%",0,0,0,0,0,0,1,0,1,4,1,1,1,0,3,3,1,1,0,1,1,0,0,0,1,1,0,0,1,0,0,0,0,0,0,0,0,0,1,2,1,8,6,1,30,27,3,0,0
RCD Espanyol,Midfielder,29,Carlos Doncel,0,0,"0,0%",0,"0,0%",0,"0,0%",0,"0,0%",0,0,0,0,0,0,0,0,0,0,0,0,0,0,0,0,0,0,0,0,0,0,0,0,0,0,0,0,0,0,0,0,0,0,0,0,0,0,0,0,0,0,0,0,0,0,0,0,0
RCD Espanyol,Midfielder,31,Víctor Campuzano,0,0,"0,0%",0,"0,0%",0,"0,0%",0,"0,0%",0,0,0,0,0,0,0,0,0,0,0,0,0,0,0,0,0,0,0,0,0,0,0,0,0,0,0,0,0,0,0,0,0,0,0,0,0,0,0,0,0,0,0,0,0,0,0,0,0
RCD Espanyol,Forward,7,Borja Iglesias,81,1,"97,0%",1,"65,0%",1,"92,0%",0,"32,0%",0,0,0,0,0,0,1,0,0,2,1,0,0,0,2,4,2,2,1,1,2,0,0,0,0,2,1,0,1,1,0,0,0,0,3,0,0,0,0,0,1,10,7,4,18,17,1,0,0
RCD Espanyol,Forward,9,S. García,39,1,"76,0%",0,"16,0%",0,"46,0%",1,"59,0%",0,0,0,0,0,0,1,0,0,2,0,0,0,0,2,2,1,1,0,1,0,0,0,0,0,1,0,0,0,1,0,0,0,0,0,0,0,0,1,1,1,5,4,1,12,11,1,0,0
RCD Espanyol,Forward,17,Hernán Pérez,24,1,"2,0%",0,"0,0%",0,"1,0%",1,"2,0%",0,0,0,0,0,0,0,0,0,1,0,0,0,0,2,2,0,0,0,1,1,0,0,0,0,0,0,0,1,1,0,0,0,0,0,0,0,0,1,0,0,5,4,1,7,6,1,0,0
RCD Espanyol,Forward,19,Piatti,32,1,"2,0%",0,"0,0%",0,"1,0%",1,"2,0%",0,0,0,0,0,0,1,0,0,2,0,1,0,0,3,2,0,1,0,1,1,0,0,0,0,1,0,0,0,1,0,0,0,0,0,0,0,0,1,1,1,6,5,1,10,10,1,0,0
RCD Espanyol,Forward,20,Puado,9,0,"38,0%",0,"3,0%",0,"5,0%",0,"35,0%",0,0,0,0,0,0,0,0,0,1,0,0,0,0,0,1,0,0,0,0,0,0,0,0,0,0,0,0,0,0,0,0,0,0,0,0,0,0,0,0,0,1,1,1,2,2,0,0,0
RCD Espanyol,Forward,24,Wu Lei,28,0,"41,0%",0,"11,0%",0,"30,0%",0,"30,0%",0,0,0,0,0,0,0,0,0,1,0,0,0,0,1,1,0,1,0,0,0,0,0,0,0,1,0,0,0,0,0,0,0,0,0,0,0,0,0,0,0,3,2,1,5,5,0,0,0
Real Betis,Goalkeeper,1,Joel Robles,12,0,"0,0%",0,"0,0%",0,"0,0%",0,"0,0%",0,0,0,0,0,0,0,0,0,1,0,0,0,0,0,0,0,0,0,0,0,0,0,0,0,0,0,0,0,0,0,0,0,0,0,0,0,0,0,0,0,0,0,0,4,3,2,0,0
Real Betis,Goalkeeper,13,Pau López,78,1,"86,0%",1,"86,0%",1,"86,0%",0,"0,0%",0,0,0,0,0,0,1,0,0,7,1,0,0,0,0,0,0,0,0,0,0,0,0,0,0,0,0,0,0,0,0,0,0,0,0,0,0,0,0,0,0,0,0,0,28,19,10,0,0
Real Betis,Defender,,Emerson,9,0,"1,0%",0,"0,0%",0,"0,0%",0,"0,0%",0,0,0,0,0,0,0,0,0,0,0,0,0,0,1,0,0,0,0,0,0,0,0,0,0,0,0,0,0,0,0,0,0,0,0,0,0,0,0,0,0,1,1,0,4,4,0,0,0
Real Betis,Defender,2,Francis G.,47,1,"57,0%",0,"24,0%",1,"57,0%",0,"32,0%",0,0,0,0,0,0,1,0,1,2,1,1,1,0,3,2,0,1,0,1,0,0,0,0,0,0,0,0,0,0,0,0,0,0,0,0,0,0,2,0,1,5,4,1,21,19,1,0,0
Real Betis,Defender,4,Feddal,45,1,"54,0%",0,"41,0%",1,"49,0%",0,"14,0%",0,0,0,0,0,0,1,0,1,3,2,1,0,0,2,1,2,1,0,0,1,0,0,0,1,0,0,0,1,0,0,0,0,0,0,0,0,0,0,0,1,6,3,3,34,29,4,0,0
Real Betis,Defender,5,Bartra,77,1,"86,0%",1,"81,0%",1,"86,0%",0,"5,0%",0,0,0,0,0,0,1,1,2,4,3,1,1,0,4,2,2,1,0,1,1,0,0,0,0,0,0,0,0,0,0,0,0,0,0,0,0,0,0,0,2,9,6,3,60,52,8,0,0
Real Betis,Defender,12,Sidnei,46,1,"62,0%",0,"43,0%",1,"54,0%",0,"19,0%",0,0,0,0,0,0,1,0,1,3,1,1,1,0,2,1,1,1,0,0,0,0,0,0,0,0,0,0,0,0,0,0,0,0,0,0,0,0,0,0,1,5,3,2,33,30,3,0,0
Real Betis,Defender,19,A. Barragán,31,1,"1,0%",0,"1,0%",0,"1,0%",0,"1,0%",0,0,0,0,0,0,1,0,0,1,1,0,0,0,1,1,0,0,0,0,1,0,0,0,0,0,0,0,0,0,0,0,0,0,0,0,0,0,1,0,1,3,2,1,17,17,1,0,0
Real Betis,Defender,20,Júnior,51,1,"62,0%",1,"51,0%",1,"57,0%",0,"11,0%",0,0,0,0,0,0,1,0,1,3,1,1,0,0,2,2,1,1,0,1,1,0,0,0,0,0,0,0,1,0,0,0,0,0,0,0,0,0,1,0,1,6,4,2,25,23,1,0,0
Real Betis,Defender,23,Mandi,81,1,"92,0%",1,"84,0%",1,"89,0%",0,"8,0%",0,0,0,0,0,0,1,1,1,4,2,1,1,0,2,2,1,1,0,1,2,0,0,0,1,0,0,0,0,0,0,0,0,0,0,0,0,0,1,0,1,7,4,3,68,63,5,0,0
Real Betis,Defender,30,Julio Alonso,0,0,"0,0%",0,"0,0%",0,"0,0%",0,"0,0%",0,0,0,0,0,0,0,0,0,0,0,0,0,0,0,0,0,0,0,0,0,0,0,0,0,0,0,0,0,0,0,0,0,0,0,0,0,0,0,0,0,0,0,0,0,0,0,0,0
Real Betis,Defender,32,Edgar González,0,0,"0,0%",0,"0,0%",0,"0,0%",0,"0,0%",0,0,0,0,0,0,0,0,0,0,0,0,0,0,0,0,0,0,0,0,0,0,0,0,0,0,0,0,0,0,0,0,0,0,0,0,0,0,0,0,0,0,0,0,0,0,0,0,0
Real Betis,Midfielder,,Kaptoum,20,0,"24,0%",0,"14,0%",0,"22,0%",0,"11,0%",0,0,0,0,0,0,0,0,0,1,0,0,0,0,1,1,0,0,0,0,0,0,0,0,0,0,0,0,1,0,0,0,0,0,0,0,0,0,0,0,0,3,2,0,9,8,0,0,0
Real Betis,Midfielder,3,Javi García,17,0,"1,0%",0,"0,0%",0,"1,0%",0,"1,0%",0,0,0,0,0,0,0,0,0,1,1,0,0,0,0,0,1,0,0,0,0,0,0,0,0,0,0,0,0,0,0,0,0,0,0,0,0,0,0,0,0,2,1,1,14,14,1,0,0
Real Betis,Midfielder,6,Canales,76,1,"2,0%",1,"2,0%",1,"2,0%",0,"1,0%",0,0,0,0,0,0,1,0,0,4,0,1,0,0,4,4,0,1,0,1,1,0,0,0,0,1,1,0,2,1,0,0,0,0,2,0,0,0,2,3,1,9,8,1,50,46,4,0,0
Real Betis,Midfielder,11,Tello Herrera,41,1,"76,0%",0,"32,0%",0,"35,0%",0,"43,0%",0,0,0,0,0,0,1,0,0,3,0,1,0,0,2,2,0,0,0,0,0,0,0,0,0,1,1,0,1,1,0,0,0,0,0,0,0,0,1,0,1,4,4,0,21,19,1,0,0
Real Betis,Midfielder,14,William Carvalho,63,1,"78,0%",1,"54,0%",1,"68,0%",0,"24,0%",0,0,0,0,0,0,1,0,0,5,1,1,1,0,3,2,1,0,0,1,1,0,0,0,0,0,0,0,1,0,0,0,0,0,0,0,0,0,0,0,1,7,6,2,50,46,4,0,0
Real Betis,Midfielder,17,Joaquín,46,1,"2,0%",0,"1,0%",1,"1,0%",1,"2,0%",0,0,0,0,0,0,1,0,0,2,1,0,0,0,2,2,0,1,0,1,0,0,0,0,0,1,0,0,1,1,0,0,0,0,0,0,0,0,2,1,0,5,4,1,23,22,1,0,0
Real Betis,Midfielder,18,A. Guardado,62,1,"81,0%",1,"49,0%",1,"70,0%",0,"32,0%",0,0,0,0,0,0,1,0,1,4,1,0,0,0,2,3,0,1,0,1,1,0,0,0,0,1,0,0,1,0,0,0,0,0,0,0,0,0,1,1,1,6,5,1,42,38,4,0,0
Real Betis,Midfielder,21,Giovani Lo Celso,63,1,"84,0%",1,"49,0%",1,"70,0%",0,"35,0%",0,0,0,0,0,0,1,0,0,3,0,1,1,0,5,4,0,1,0,2,1,0,0,0,0,1,1,0,2,1,0,0,0,0,2,0,0,0,0,0,1,10,9,1,38,35,2,0,0
Real Betis,Midfielder,22,Diego Lainez,9,0,"1,0%",0,"0,0%",0,"0,0%",0,"1,0%",0,0,0,0,0,0,0,0,0,0,0,0,0,0,1,1,0,0,0,1,0,0,0,0,0,0,0,0,0,1,0,0,0,0,0,0,0,0,0,0,0,2,2,0,3,3,0,0,0
Real Betis,Midfielder,27,Adrián Tellado,0,0,"0,0%",0,"0,0%",0,"0,0%",0,"0,0%",0,0,0,0,0,0,0,0,0,0,0,0,0,0,0,0,0,0,0,0,0,0,0,0,0,0,0,0,0,0,0,0,0,0,0,0,0,0,0,0,0,0,0,0,0,0,0,0,0
Real Betis,Midfielder,28,Irizo,0,0,"0,0%",0,"0,0%",0,"0,0%",0,"0,0%",0,0,0,0,0,0,0,0,0,0,0,0,0,0,0,0,0,0,0,0,0,0,0,0,0,0,0,0,0,0,0,0,0,0,0,0,0,0,0,0,0,0,0,0,0,0,0,0,0
Real Betis,Midfielder,33,Robert,0,0,"0,0%",0,"0,0%",0,"0,0%",0,"0,0%",0,0,0,0,0,0,0,0,0,0,0,0,0,0,0,0,0,0,0,0,0,0,0,0,0,0,0,0,0,0,0,0,0,0,0,0,0,0,0,0,0,0,0,0,0,0,0,0,0
Real Betis,Midfielder,37,Diego Altamirano,0,0,"0,0%",0,"0,0%",0,"0,0%",0,"0,0%",0,0,0,0,0,0,0,0,0,0,0,0,0,0,0,0,0,0,0,0,0,0,0,0,0,0,0,0,0,0,0,0,0,0,0,0,0,0,0,0,0,0,0,0,0,0,0,0,0
Real Betis,Midfielder,37,Jaime Garijo,0,0,"0,0%",0,"0,0%",0,"0,0%",0,"0,0%",0,0,0,0,0,0,0,0,0,0,0,0,0,0,0,0,0,0,0,0,0,0,0,0,0,0,0,0,0,0,0,0,0,0,0,0,0,0,0,0,0,0,0,0,0,0,0,0,0
Real Betis,Midfielder,38,Paul Akouokou,0,0,"0,0%",0,"0,0%",0,"0,0%",0,"0,0%",0,0,0,0,0,0,0,0,0,0,0,0,0,0,0,0,0,0,0,0,0,0,0,0,0,0,0,0,0,0,0,0,0,0,0,0,0,0,0,0,0,0,0,0,0,0,0,0,0
Real Betis,Forward,7,Sergio León,19,1,"1,0%",0,"0,0%",0,"1,0%",0,"1,0%",0,0,0,0,0,0,0,0,0,1,0,0,0,0,1,1,0,1,0,0,0,0,0,0,0,0,0,0,0,0,0,0,0,0,0,0,0,0,0,0,0,3,2,1,3,3,0,0,0
Real Betis,Forward,10,Jesé,21,0,"35,0%",0,"5,0%",0,"24,0%",0,"30,0%",0,0,0,0,0,0,0,0,0,1,0,0,0,0,1,1,0,0,0,0,0,0,0,0,0,0,0,0,0,0,0,0,0,0,0,0,0,0,0,0,0,2,1,1,5,5,0,0,0
Real Betis,Forward,16,Loren,52,1,"86,0%",0,"27,0%",1,"57,0%",1,"59,0%",0,0,0,0,0,0,1,0,0,1,0,0,0,0,2,3,1,1,1,1,1,0,0,0,0,1,1,0,0,1,0,0,0,0,0,0,0,0,0,0,1,7,5,2,9,9,0,0,0
Real Madrid,Goalkeeper,,Luca Zidane,3,0,"0,0%",0,"0,0%",0,"0,0%",0,"0,0%",0,0,0,0,0,0,0,0,0,0,0,0,0,0,0,0,0,0,0,0,0,0,0,0,0,0,0,0,0,0,0,0,0,0,0,0,0,0,0,0,0,0,0,0,1,1,0,0,0
Real Madrid,Goalkeeper,1,Navas,24,0,"24,0%",0,"24,0%",0,"24,0%",0,"0,0%",0,0,0,0,0,0,0,0,0,2,0,0,0,0,0,0,0,0,0,0,0,0,0,0,0,0,0,0,0,0,0,0,0,0,0,0,0,0,0,0,0,0,0,0,6,4,3,0,0
Real Madrid,Goalkeeper,25,Courtois,66,1,"2,0%",1,"2,0%",1,"2,0%",0,"0,0%",0,0,0,0,0,0,1,0,0,6,0,0,0,0,0,0,0,0,0,0,0,0,0,0,0,0,0,0,0,0,0,0,0,0,0,0,0,0,0,0,0,0,0,0,18,10,8,0,0
Real Madrid,Defender,,Javi Sánchez,4,0,"0,0%",0,"0,0%",0,"0,0%",0,"0,0%",0,0,0,0,0,0,0,0,0,0,0,0,0,0,0,0,0,0,0,0,0,0,0,0,0,0,0,0,0,0,0,0,0,0,0,0,0,0,0,0,0,1,0,0,1,0,0,0,0
Real Madrid,Defender,2,Carvajal,55,1,"62,0%",1,"59,0%",1,"59,0%",0,"3,0%",0,0,0,0,0,0,1,0,1,4,1,1,0,0,3,2,1,1,0,1,1,0,0,0,0,0,0,0,1,1,0,0,0,0,0,0,0,0,2,0,1,6,5,1,41,38,3,0,0
Real Madrid,Defender,3,Vallejo,8,0,"0,0%",0,"0,0%",0,"0,0%",0,"0,0%",0,0,0,0,0,0,0,0,0,1,0,0,0,0,0,0,0,0,0,0,0,0,0,0,0,0,0,0,0,0,0,0,0,0,0,0,0,0,0,0,0,1,0,0,4,4,1,0,0
Real Madrid,Defender,4,Sergio Ramos,83,1,"2,0%",1,"2,0%",1,"2,0%",0,"0,0%",0,0,0,0,0,0,1,1,1,6,3,1,0,0,3,2,2,1,0,1,1,0,0,0,0,1,0,0,0,0,0,0,0,0,5,0,0,0,0,0,1,7,4,3,64,55,9,0,0
Real Madrid,Defender,5,Varane,73,1,"84,0%",1,"73,0%",1,"81,0%",0,"11,0%",0,0,0,0,0,0,1,0,1,4,4,1,0,0,1,1,2,1,0,0,0,0,0,0,0,0,0,0,0,0,0,0,0,0,0,0,0,0,0,0,1,5,2,3,45,39,6,0,0
Real Madrid,Defender,6,Nacho,45,1,"51,0%",0,"41,0%",1,"49,0%",0,"11,0%",0,0,0,0,0,0,1,0,1,3,2,1,0,0,1,1,1,1,0,0,1,0,0,0,0,0,0,0,0,0,0,0,0,0,0,0,0,0,0,0,1,4,2,2,26,24,2,0,0
Real Madrid,Defender,12,Marcelo,48,1,"59,0%",0,"43,0%",1,"54,0%",0,"16,0%",0,0,0,0,0,0,1,0,0,3,0,1,0,0,2,2,0,1,0,1,1,0,0,0,0,1,0,0,1,0,0,0,0,0,0,0,0,0,2,0,1,5,4,1,35,31,4,0,0
Real Madrid,Defender,19,Odriozola,38,1,"1,0%",0,"1,0%",1,"1,0%",0,"0,0%",0,0,0,0,0,0,1,0,0,2,0,1,0,0,2,2,0,1,0,1,1,0,0,0,0,0,0,0,0,1,0,0,0,0,0,0,0,0,2,0,1,4,3,1,19,19,1,0,0
Real Madrid,Defender,23,Reguilón,33,0,"1,0%",0,"1,0%",0,"1,0%",0,"0,0%",0,0,0,0,0,0,0,0,1,2,1,0,0,0,2,1,0,0,0,1,1,0,0,0,0,0,0,0,0,0,0,0,0,0,0,0,0,0,1,0,1,4,3,1,20,18,2,0,0
Real Madrid,Defender,26,Adrián de la Fuente,0,0,"0,0%",0,"0,0%",0,"0,0%",0,"0,0%",0,0,0,0,0,0,0,0,0,0,0,0,0,0,0,0,0,0,0,0,0,0,0,0,0,0,0,0,0,0,0,0,0,0,0,0,0,0,0,0,0,0,0,0,0,0,0,0,0
Real Madrid,Defender,37,Francisco Garcia,0,0,"0,0%",0,"0,0%",0,"0,0%",0,"0,0%",0,0,0,0,0,0,0,0,0,0,0,0,0,0,0,0,0,0,0,0,0,0,0,0,0,0,0,0,0,0,0,0,0,0,0,0,0,0,0,0,0,0,0,0,0,0,0,0,0
Real Madrid,Midfielder,8,Kroos,60,1,"2,0%",1,"1,0%",1,"2,0%",0,"1,0%",0,0,0,0,0,0,1,0,0,5,0,1,0,0,3,2,1,0,0,2,1,0,0,0,0,1,0,0,0,0,0,0,0,0,0,0,0,0,2,3,1,6,5,1,56,49,7,0,0
Real Madrid,Midfielder,10,Modrić,69,1,"89,0%",1,"46,0%",1,"81,0%",0,"43,0%",0,0,0,0,0,0,1,0,1,4,0,1,1,0,4,3,0,0,0,1,1,0,0,0,0,1,0,0,1,1,0,0,0,0,0,0,0,0,1,1,1,8,7,1,50,45,5,0,0
Real Madrid,Midfielder,14,Casemiro,63,1,"2,0%",1,"2,0%",1,"2,0%",0,"1,0%",0,0,0,0,0,0,1,0,1,5,1,1,1,0,4,3,2,1,0,1,1,0,0,0,0,1,0,0,1,0,0,0,0,0,0,0,0,0,0,0,2,11,7,4,44,39,5,0,0
Real Madrid,Midfielder,15,Valverde,17,0,"41,0%",0,"5,0%",0,"14,0%",0,"35,0%",0,0,0,0,0,0,0,0,1,1,0,0,0,0,1,1,0,0,0,0,0,0,0,0,0,0,0,0,0,0,0,0,0,0,0,0,0,0,0,0,0,2,1,0,10,9,1,0,0
Real Madrid,Midfielder,18,M. Llorente,14,0,"16,0%",0,"11,0%",0,"14,0%",0,"5,0%",0,0,0,0,0,0,0,0,0,1,0,0,0,0,1,1,0,0,0,0,0,0,0,0,0,0,0,0,0,0,0,0,0,0,0,0,0,0,0,0,0,2,2,0,10,9,1,0,0
Real Madrid,Midfielder,20,Asensio,47,1,"78,0%",0,"24,0%",1,"51,0%",1,"54,0%",0,0,0,0,0,0,1,0,0,2,0,0,0,0,2,2,0,0,0,1,1,0,0,0,0,1,1,0,1,1,0,0,0,0,0,0,0,0,2,1,0,4,4,1,24,23,1,0,0
Real Madrid,Midfielder,21,Brahim Díaz,10,0,"22,0%",0,"0,0%",0,"11,0%",0,"22,0%",0,0,0,0,0,0,0,0,0,0,0,0,0,0,1,1,0,0,0,0,0,0,0,0,0,0,0,0,0,0,0,0,0,0,0,0,0,0,0,0,0,2,2,0,4,4,0,0,0
Real Madrid,Midfielder,22,Isco,31,1,"70,0%",0,"5,0%",0,"30,0%",1,"65,0%",0,0,0,0,0,0,1,0,0,2,0,0,0,0,3,2,0,0,0,1,1,0,0,0,0,0,0,0,1,0,0,0,0,0,0,0,0,0,1,1,1,5,5,1,24,23,1,0,0
Real Madrid,Midfielder,24,D. Ceballos,36,1,"2,0%",0,"0,0%",0,"1,0%",1,"1,0%",0,0,0,0,0,0,0,0,0,3,0,1,0,0,3,2,0,1,0,1,1,0,0,0,0,0,0,0,0,1,0,0,0,0,0,0,0,0,0,0,1,6,5,1,29,27,2,0,0
Real Madrid,Midfielder,36,Álvaro Fidalgo,0,0,"0,0%",0,"0,0%",0,"0,0%",0,"0,0%",0,0,0,0,0,0,0,0,0,0,0,0,0,0,0,0,0,0,0,0,0,0,0,0,0,0,0,0,0,0,0,0,0,0,0,0,0,0,0,0,0,0,0,0,0,0,0,0,0
Real Madrid,Midfielder,39,Jaume Grau,0,0,"0,0%",0,"0,0%",0,"0,0%",0,"0,0%",0,0,0,0,0,0,0,0,0,0,0,0,0,0,0,0,0,0,0,0,0,0,0,0,0,0,0,0,0,0,0,0,0,0,0,0,0,0,0,0,0,0,0,0,0,0,0,0,0
Real Madrid,Forward,,Cristo González,2,0,"0,0%",0,"0,0%",0,"0,0%",0,"0,0%",0,0,0,0,0,0,0,0,0,0,0,0,0,0,0,0,0,0,0,0,0,0,0,0,0,0,0,0,0,0,0,0,0,0,0,0,0,0,0,0,0,0,0,0,1,1,0,0,0
Real Madrid,Forward,7,Mariano,12,0,"1,0%",0,"0,0%",0,"0,0%",0,"1,0%",0,0,0,0,0,0,0,0,0,0,0,0,0,0,0,0,0,0,0,0,0,0,0,0,0,0,0,0,0,0,0,0,0,0,0,0,0,0,0,0,0,1,1,1,3,2,0,0,0
Real Madrid,Forward,9,Benzema,78,1,"95,0%",1,"65,0%",1,"92,0%",0,"30,0%",0,0,0,1,0,0,1,0,0,2,1,0,0,0,2,3,1,1,1,1,1,0,0,0,0,2,1,0,1,1,0,0,0,0,3,0,0,0,1,0,1,8,5,3,31,30,1,0,0
Real Madrid,Forward,11,Bale,51,1,"2,0%",0,"1,0%",1,"2,0%",1,"2,0%",0,0,0,0,0,0,1,0,0,1,0,0,0,0,2,2,1,1,0,1,1,0,0,0,0,2,1,0,1,1,0,0,0,0,1,0,0,0,2,0,1,6,4,2,20,18,2,0,0
Real Madrid,Forward,17,L. Vázquez,40,1,"81,0%",0,"24,0%",0,"41,0%",1,"57,0%",0,0,0,0,0,0,1,0,0,2,0,1,0,0,3,3,0,1,0,1,1,0,0,0,0,1,0,0,1,1,0,0,0,0,0,0,0,0,2,0,1,7,6,1,23,22,1,0,0
Real Madrid,Forward,28,Vinicius,23,1,"46,0%",0,"11,0%",0,"22,0%",0,"35,0%",0,0,0,0,0,0,0,0,0,1,0,0,0,0,2,2,0,0,0,1,0,0,0,0,0,1,0,0,1,1,0,0,0,0,0,0,0,0,1,0,0,4,4,0,8,7,0,0,0
Real Sociedad,Goalkeeper,,Andoni Zubiaurre,0,0,"0,0%",0,"0,0%",0,"0,0%",0,"0,0%",0,0,0,0,0,0,0,0,0,0,0,0,0,0,0,0,0,0,0,0,0,0,0,0,0,0,0,0,0,0,0,0,0,0,0,0,0,0,0,0,0,0,0,0,0,0,0,0,0
Real Sociedad,Goalkeeper,1,Gero Rulli,64,1,"70,0%",1,"70,0%",1,"70,0%",0,"0,0%",0,0,0,0,0,0,1,0,0,6,0,0,0,0,0,0,0,0,0,0,0,0,0,0,0,0,0,0,0,0,0,0,0,0,0,0,0,0,0,0,0,1,0,0,26,13,13,0,0
Real Sociedad,Goalkeeper,13,Moyà,58,1,"2,0%",1,"2,0%",1,"2,0%",0,"0,0%",0,0,0,0,0,0,1,0,0,5,1,0,0,0,0,0,0,0,0,0,0,0,0,0,0,0,0,0,0,0,0,0,0,0,0,0,0,0,0,0,0,1,0,0,19,9,10,0,0
Real Sociedad,Defender,2,Zaldúa,58,1,"2,0%",1,"2,0%",1,"2,0%",0,"0,0%",0,0,0,0,0,0,1,0,1,2,2,1,0,0,3,2,1,1,0,2,1,0,0,0,0,0,0,0,1,1,0,0,0,0,0,0,0,0,2,0,1,7,5,2,24,21,3,0,0
Real Sociedad,Defender,3,Llorente R.,46,1,"54,0%",0,"46,0%",1,"51,0%",0,"8,0%",0,0,0,0,0,0,0,0,1,3,2,0,0,0,1,1,2,1,0,0,1,0,0,0,0,0,0,0,0,0,0,0,0,0,0,0,0,0,0,0,1,5,2,3,29,25,4,0,0
Real Sociedad,Defender,6,H.Moreno,51,1,"65,0%",1,"54,0%",1,"54,0%",0,"11,0%",0,0,0,0,0,0,1,1,1,3,2,0,0,0,1,1,1,1,0,0,0,0,0,0,0,0,0,0,0,0,0,0,0,0,0,0,0,0,0,0,0,3,2,2,31,27,4,0,0
Real Sociedad,Defender,15,Aritz,59,1,"70,0%",1,"57,0%",1,"62,0%",0,"14,0%",0,0,0,0,0,0,1,0,1,4,4,1,1,0,2,1,2,1,0,1,1,0,0,0,0,0,0,0,0,0,0,0,0,0,0,0,0,0,1,0,1,6,3,3,29,25,4,0,0
Real Sociedad,Defender,18,Gorosabel,28,0,"1,0%",0,"1,0%",0,"1,0%",0,"1,0%",0,0,0,0,0,0,0,0,0,1,1,1,0,0,1,1,0,1,0,0,0,0,0,0,0,0,0,0,0,0,0,0,0,0,0,0,0,0,1,0,1,4,3,1,13,12,1,0,0
Real Sociedad,Defender,19,Theo,58,1,"2,0%",1,"2,0%",1,"2,0%",0,"0,0%",0,0,0,0,0,0,1,0,1,4,1,1,1,0,5,3,1,1,0,2,1,0,0,0,0,1,0,0,1,1,0,0,0,0,0,0,0,0,2,0,2,9,8,1,27,25,1,0,0
Real Sociedad,Defender,20,Rodrigues,13,0,"1,0%",0,"0,0%",0,"0,0%",0,"0,0%",0,0,0,0,0,0,0,0,0,1,0,0,0,0,1,1,0,0,0,0,0,0,0,0,0,0,0,0,0,0,0,0,0,0,0,0,0,0,0,0,1,2,2,1,5,5,0,0,0
Real Sociedad,Defender,22,Raúl Navas,39,1,"1,0%",0,"1,0%",0,"1,0%",0,"0,0%",0,0,0,0,0,0,1,0,1,3,2,0,0,0,1,1,1,1,0,0,0,0,0,0,0,0,0,0,0,0,0,0,0,0,0,0,0,0,0,0,1,3,2,1,25,22,4,0,0
Real Sociedad,Defender,27,Robin Le Normand,8,0,"0,0%",0,"0,0%",0,"0,0%",0,"0,0%",0,0,0,0,0,0,0,0,0,1,0,0,0,0,0,0,0,0,0,0,0,0,0,0,0,0,0,0,0,0,0,0,0,0,0,0,0,0,0,0,0,1,0,0,7,6,1,0,0
Real Sociedad,Defender,29,Aihen Muñoz,25,0,"27,0%",0,"19,0%",0,"27,0%",0,"8,0%",0,0,0,0,0,0,0,0,0,1,1,0,0,0,1,1,0,1,0,0,0,0,0,0,0,0,0,0,1,0,0,0,0,0,0,0,0,0,1,0,0,3,2,1,11,9,1,0,0
Real Sociedad,Defender,35,Alex Sola,4,0,"0,0%",0,"0,0%",0,"0,0%",0,"0,0%",0,0,0,0,0,0,0,0,0,1,0,0,0,0,0,0,0,0,0,0,0,0,0,0,0,0,0,0,0,0,0,0,0,0,0,0,0,0,0,0,0,1,1,0,2,2,0,0,0
Real Sociedad,Midfielder,,Ander Guevara,3,0,"0,0%",0,"0,0%",0,"0,0%",0,"0,0%",0,0,0,0,0,0,0,0,0,0,0,0,0,0,0,0,0,0,0,0,0,0,0,0,0,0,0,0,0,0,0,0,0,0,0,0,0,0,0,0,0,1,1,0,2,1,0,0,0
Real Sociedad,Midfielder,4,Illarramendi,48,1,"59,0%",0,"43,0%",1,"54,0%",0,"16,0%",0,0,0,0,0,0,1,0,1,5,1,1,0,0,2,2,1,1,0,1,1,0,0,0,1,0,0,0,0,0,0,0,0,0,0,0,0,0,0,0,1,6,4,2,33,29,4,0,0
Real Sociedad,Midfielder,5,Zubeldia,67,1,"86,0%",1,"59,0%",1,"76,0%",0,"27,0%",0,0,0,0,0,0,1,0,1,5,2,1,1,0,3,3,2,1,0,0,1,0,0,0,0,0,0,0,1,0,0,0,0,0,0,0,0,0,0,0,2,9,5,3,32,28,3,0,0
Real Sociedad,Midfielder,8,Merino,54,1,"76,0%",0,"35,0%",1,"62,0%",0,"41,0%",0,0,0,0,0,0,1,0,1,4,1,1,1,0,3,4,2,1,0,1,2,0,0,0,1,1,0,0,1,0,0,0,0,0,0,0,0,0,0,0,1,11,7,3,29,26,3,0,0
Real Sociedad,Midfielder,14,R. Pardo,36,1,"62,0%",0,"8,0%",0,"41,0%",1,"54,0%",0,0,0,0,0,0,1,0,1,2,0,0,0,0,1,1,0,0,0,0,0,0,0,0,0,0,0,0,0,0,0,0,0,0,0,0,0,0,1,2,0,3,2,1,21,18,3,0,0
Real Sociedad,Midfielder,16,Merquelanz,1,0,"1,0%",0,"0,0%",0,"0,0%",0,"1,0%",0,0,0,0,0,0,0,0,0,0,0,0,0,0,0,0,0,0,0,0,0,0,0,0,0,0,0,0,0,0,0,0,0,0,0,0,0,0,0,0,0,0,0,0,0,0,0,0,0
Real Sociedad,Midfielder,17,Zurutuza,44,1,"2,0%",0,"1,0%",1,"1,0%",1,"1,0%",0,0,0,0,0,0,1,0,1,3,1,1,0,0,2,2,1,1,0,1,1,0,0,0,0,0,0,0,0,0,0,0,0,0,0,0,0,0,0,0,1,7,5,3,22,20,1,0,0
Real Sociedad,Midfielder,23,Sangalli ,28,1,"1,0%",0,"0,0%",0,"1,0%",0,"1,0%",0,0,0,0,0,0,1,0,0,2,0,0,0,0,1,1,0,1,0,1,0,0,0,0,0,0,0,0,0,0,0,0,0,0,0,0,0,0,1,0,1,4,3,1,10,9,1,0,0
Real Sociedad,Midfielder,28,Roberto López,2,0,"0,0%",0,"0,0%",0,"0,0%",0,"0,0%",0,0,0,0,0,0,0,0,0,0,0,0,0,0,0,0,0,0,0,0,0,0,0,0,0,0,0,0,0,0,0,0,0,0,0,0,0,0,0,0,0,0,0,0,0,0,0,0,0
Real Sociedad,Midfielder,31,Näis Djouahra,0,0,"0,0%",0,"0,0%",0,"0,0%",0,"0,0%",0,0,0,0,0,0,0,0,0,0,0,0,0,0,0,0,0,0,0,0,0,0,0,0,0,0,0,0,0,0,0,0,0,0,0,0,0,0,0,0,0,0,0,0,0,0,0,0,0
Real Sociedad,Midfielder,34,Ander Barrenetxea,11,0,"22,0%",0,"0,0%",0,"11,0%",0,"22,0%",0,0,0,0,0,0,0,0,0,1,0,0,0,0,1,1,0,0,0,0,0,0,0,0,0,0,0,0,1,0,0,0,0,0,0,0,0,0,0,0,0,2,2,0,3,3,0,0,0
Real Sociedad,Midfielder,36,Martín Zubimendi,0,0,"0,0%",0,"0,0%",0,"0,0%",0,"0,0%",0,0,0,0,0,0,0,0,0,0,0,0,0,0,0,0,0,0,0,0,0,0,0,0,0,0,0,0,0,0,0,0,0,0,0,0,0,0,0,0,0,0,0,0,0,0,0,0,0
Real Sociedad,Midfielder,38,Zourdine Thior,0,0,"0,0%",0,"0,0%",0,"0,0%",0,"0,0%",0,0,0,0,0,0,0,0,0,0,0,0,0,0,0,0,0,0,0,0,0,0,0,0,0,0,0,0,0,0,0,0,0,0,0,0,0,0,0,0,0,0,0,0,0,0,0,0,0
Real Sociedad,Forward,7,Juanmi,40,1,"78,0%",0,"16,0%",0,"43,0%",1,"62,0%",0,0,0,0,0,0,1,0,0,2,0,0,0,0,2,2,1,1,1,1,1,0,0,0,0,1,1,0,0,0,0,0,0,0,0,0,0,0,0,0,1,5,4,1,9,9,0,0,0
Real Sociedad,Forward,10,Oyarzabal,83,1,"97,0%",1,"73,0%",1,"95,0%",0,"24,0%",0,0,0,0,0,0,1,0,0,4,1,1,0,0,3,5,1,2,0,1,1,0,0,0,0,1,1,0,1,1,0,0,0,0,3,0,0,0,1,1,1,11,8,3,24,23,1,0,0
Real Sociedad,Forward,11,Januzaj,33,1,"51,0%",0,"22,0%",0,"35,0%",0,"30,0%",0,0,0,0,0,0,0,0,0,2,0,0,0,0,3,3,0,0,0,1,0,0,0,0,0,1,0,0,2,1,0,0,0,0,0,0,0,0,2,2,0,6,6,0,11,10,1,0,0
Real Sociedad,Forward,12,Willian J.,63,1,"81,0%",1,"46,0%",1,"73,0%",0,"35,0%",0,0,0,0,0,0,1,0,0,2,1,0,0,0,1,3,1,1,1,1,1,0,0,0,0,1,1,0,1,0,0,0,0,0,5,0,0,0,0,0,0,6,4,2,20,17,2,0,0
Real Sociedad,Forward,21,Bautista,18,1,"2,0%",0,"0,0%",0,"0,0%",1,"1,0%",0,0,0,0,0,0,0,0,0,0,0,0,0,0,1,1,2,2,0,0,0,0,0,0,0,1,0,0,0,0,0,0,0,0,0,0,0,0,0,0,0,5,2,4,4,4,0,0,0
Real Sociedad,Forward,24,Sandro,30,1,"2,0%",0,"0,0%",0,"1,0%",1,"2,0%",0,0,0,0,0,0,1,0,0,2,0,0,0,0,2,2,0,0,0,1,1,0,0,0,0,1,0,0,0,1,0,0,0,0,0,0,0,0,1,1,1,4,3,1,10,10,0,0,0
SD Eibar,Goalkeeper,1,Dmitrović,57,1,"62,0%",1,"62,0%",1,"62,0%",0,"0,0%",0,0,0,0,0,0,1,0,0,7,1,0,0,0,0,0,0,0,0,0,0,0,0,0,0,0,0,0,0,0,0,0,0,0,0,0,0,0,0,0,0,0,0,0,18,2,16,0,0
SD Eibar,Goalkeeper,13,Riesgo,50,1,"2,0%",1,"2,0%",1,"2,0%",0,"0,0%",0,0,0,0,0,0,1,0,0,5,0,0,0,0,0,0,0,0,0,0,0,0,0,0,0,0,0,0,0,0,0,0,0,0,0,0,0,0,0,0,0,0,0,0,14,2,12,0,0
SD Eibar,Defender,2,J. Calavera,0,0,"0,0%",0,"0,0%",0,"0,0%",0,"0,0%",0,0,0,0,0,0,0,0,0,0,0,0,0,0,0,0,0,0,0,0,0,0,0,0,0,0,0,0,0,0,0,0,0,0,0,0,0,0,0,0,0,0,0,0,0,0,0,0,0
SD Eibar,Defender,3,Bigas,23,0,"1,0%",0,"1,0%",0,"1,0%",0,"1,0%",0,0,0,0,0,0,1,0,0,1,1,0,0,0,0,0,1,0,0,0,0,0,0,0,0,0,0,0,0,0,0,0,0,0,0,0,0,0,0,0,0,2,1,1,11,9,3,0,0
SD Eibar,Defender,4,N. E. Ramis ,44,1,"54,0%",0,"35,0%",1,"51,0%",0,"19,0%",0,0,0,0,0,0,1,0,1,3,2,0,0,0,1,0,2,1,0,0,0,0,0,0,0,0,0,0,0,0,0,0,0,0,0,0,0,0,0,0,1,4,1,2,21,16,5,0,0
SD Eibar,Defender,12,Paulo,59,1,"73,0%",1,"59,0%",1,"62,0%",0,"14,0%",0,0,0,0,0,0,1,0,1,3,3,1,0,0,2,1,2,1,0,0,1,0,0,0,0,0,0,0,0,0,0,0,0,0,0,0,0,0,0,0,1,6,3,3,27,18,8,0,0
SD Eibar,Defender,15,Cote,80,1,"92,0%",1,"70,0%",1,"89,0%",0,"22,0%",0,0,0,0,0,0,1,0,1,6,3,1,1,0,3,2,1,1,0,0,1,0,0,0,0,0,0,0,1,0,0,0,0,0,0,0,0,0,6,1,2,8,5,2,39,28,12,0,0
SD Eibar,Defender,20,Cucurella,62,1,"81,0%",1,"49,0%",1,"68,0%",0,"32,0%",0,0,0,0,0,0,1,0,1,4,0,1,0,0,2,3,1,2,0,0,1,0,0,0,0,0,0,0,0,1,0,0,0,0,0,0,0,0,2,0,1,8,5,3,22,21,1,0,0
SD Eibar,Defender,23,Arbilla,70,1,"2,0%",1,"2,0%",1,"2,0%",0,"1,0%",0,0,0,0,0,0,1,0,2,5,3,1,0,0,2,1,2,2,0,0,1,0,0,0,0,0,0,0,0,0,0,0,0,0,0,0,0,0,0,0,1,6,3,4,40,28,12,0,0
SD Eibar,Midfielder,5,Escalante,47,1,"84,0%",0,"30,0%",1,"46,0%",1,"54,0%",0,0,0,0,0,0,1,0,1,3,1,1,1,0,2,2,1,2,0,1,1,0,0,0,0,0,0,0,1,0,0,0,0,0,0,0,0,0,0,0,1,7,5,3,20,18,2,0,0
SD Eibar,Midfielder,6,Sergio A.,28,1,"49,0%",0,"24,0%",0,"32,0%",0,"24,0%",0,0,0,0,0,0,0,0,0,2,1,1,0,0,1,1,1,1,0,0,1,0,0,0,0,0,0,0,0,0,0,0,0,0,0,0,0,0,0,0,1,4,2,2,13,11,2,0,0
SD Eibar,Midfielder,8,P. Diop,69,1,"2,0%",1,"2,0%",1,"2,0%",0,"1,0%",0,0,0,0,0,0,1,0,1,5,1,1,1,0,4,3,3,2,0,1,2,0,0,0,1,1,0,0,1,0,0,0,0,0,0,0,0,0,0,0,2,12,7,5,33,29,4,0,0
SD Eibar,Midfielder,11,R. Peña,76,1,"2,0%",1,"2,0%",1,"2,0%",0,"0,0%",0,0,0,0,0,0,1,0,1,6,1,1,1,0,5,3,1,1,0,1,1,0,0,0,0,0,0,0,2,1,0,0,0,0,0,0,0,0,6,0,2,9,8,1,39,31,8,0,0
SD Eibar,Midfielder,14,Orellana,72,1,"86,0%",1,"62,0%",1,"81,0%",0,"24,0%",0,0,0,0,0,0,1,0,1,5,0,1,1,0,5,6,1,1,0,2,1,0,0,0,0,2,1,0,2,2,0,0,0,0,1,0,0,0,2,1,1,13,11,2,31,29,2,0,0
SD Eibar,Midfielder,16,De Blasis,40,1,"62,0%",0,"32,0%",0,"41,0%",0,"30,0%",0,0,0,0,0,0,1,0,0,3,1,1,0,0,1,2,1,1,0,0,1,0,0,0,0,0,0,0,0,0,0,0,0,0,0,0,0,0,2,0,1,5,3,2,17,14,3,0,0
SD Eibar,Midfielder,21,P. León,12,0,"1,0%",0,"0,0%",0,"0,0%",0,"1,0%",0,0,0,0,0,0,0,0,0,1,0,0,0,0,0,1,0,0,0,0,0,0,0,0,0,0,0,0,0,0,0,0,0,0,0,0,0,0,1,0,0,1,1,1,3,3,0,0,0
SD Eibar,Midfielder,22,Pere Milla,10,0,"0,0%",0,"0,0%",0,"0,0%",0,"0,0%",0,0,0,0,0,0,0,0,0,1,0,0,0,0,0,1,0,0,0,0,0,0,0,0,0,0,0,0,0,0,0,0,0,0,0,0,0,0,0,0,0,2,1,1,3,3,0,0,0
SD Eibar,Midfielder,24,Jordán,76,1,"95,0%",1,"65,0%",1,"84,0%",0,"30,0%",0,0,0,0,0,0,1,0,1,7,0,1,1,0,4,4,1,1,0,1,2,0,0,0,0,1,0,0,1,0,0,0,0,0,0,0,0,0,2,3,2,10,8,2,44,38,6,0,0
SD Eibar,Midfielder,29,Miguel Marí,2,0,"0,0%",0,"0,0%",0,"0,0%",0,"0,0%",0,0,0,0,0,0,0,0,0,0,0,0,0,0,0,0,0,0,0,0,0,0,0,0,0,0,0,0,0,0,0,0,0,0,0,0,0,0,0,0,0,0,0,0,1,1,0,0,0
SD Eibar,Forward,7,Marc,16,0,"43,0%",0,"3,0%",0,"16,0%",0,"41,0%",0,0,0,0,0,0,0,0,0,1,0,0,0,0,1,1,1,1,0,0,0,0,0,0,0,0,0,0,0,0,0,0,0,0,0,0,0,0,0,0,0,3,2,1,4,4,0,0,0
SD Eibar,Forward,9,Sergi Enrich,68,1,"92,0%",0,"38,0%",1,"78,0%",1,"54,0%",0,0,0,0,0,0,1,0,0,3,0,0,0,0,2,3,5,6,1,1,2,0,0,0,0,2,0,0,0,0,0,0,0,0,0,0,0,0,0,0,1,15,5,11,24,24,1,0,0
SD Eibar,Forward,17,Kike G.,34,1,"78,0%",0,"8,0%",0,"41,0%",1,"70,0%",0,0,0,0,0,0,1,0,0,1,0,0,0,0,1,2,2,3,0,1,1,0,0,0,0,1,0,0,0,0,0,0,0,0,0,0,0,0,0,0,0,7,2,5,10,10,0,0,0
SD Eibar,Forward,19,Charles L.,46,1,"89,0%",0,"19,0%",0,"43,0%",1,"70,0%",0,0,0,0,0,0,1,0,0,1,0,0,0,0,1,2,3,3,0,1,1,0,0,0,0,2,1,0,0,0,0,0,0,0,6,0,0,0,0,0,0,9,3,6,14,14,0,0,0
SD Huesca,Goalkeeper,1,Javi Varas,0,0,"0,0%",0,"0,0%",0,"0,0%",0,"0,0%",0,0,0,0,0,0,0,0,0,0,0,0,0,0,0,0,0,0,0,0,0,0,0,0,0,0,0,0,0,0,0,0,0,0,0,0,0,0,0,0,0,0,0,0,0,0,0,0,0
SD Huesca,Goalkeeper,13,Santamaría,50,1,"2,0%",1,"2,0%",1,"2,0%",0,"0,0%",0,0,0,0,0,0,1,0,0,4,0,0,0,0,0,0,0,0,0,0,0,0,0,0,0,0,0,0,0,0,0,0,0,0,0,0,0,0,0,0,0,0,0,0,15,1,14,0,0
SD Huesca,Goalkeeper,25,Jovanović,28,0,"30,0%",0,"30,0%",0,"30,0%",0,"0,0%",0,0,0,0,0,0,1,0,0,2,0,0,0,0,0,0,0,0,0,0,0,0,0,0,0,0,0,0,0,0,0,0,0,0,0,0,0,0,0,0,0,0,0,0,8,1,7,0,0
SD Huesca,Defender,2,Mantovani,18,0,"22,0%",0,"16,0%",0,"16,0%",0,"5,0%",0,0,0,0,0,0,1,0,1,1,1,0,0,0,1,0,1,0,0,0,0,0,0,0,0,0,0,0,0,0,0,0,0,0,0,0,0,0,0,0,0,2,1,1,6,5,1,0,0
SD Huesca,Defender,3,Etxeita,71,1,"81,0%",1,"76,0%",1,"78,0%",0,"5,0%",0,0,0,0,0,0,1,1,1,3,4,1,1,0,2,1,2,2,0,0,1,0,0,0,1,1,0,0,0,0,0,0,0,0,0,0,0,0,0,0,1,7,3,4,23,18,5,0,0
SD Huesca,Defender,4,Diéguez,20,0,"22,0%",0,"16,0%",0,"19,0%",0,"5,0%",0,0,0,0,0,0,0,0,0,1,1,0,0,0,1,1,1,0,0,0,0,0,0,0,0,0,0,0,0,0,0,0,0,0,0,0,0,0,0,0,0,2,1,1,5,4,1,0,0
SD Huesca,Defender,14,J. Pulido,75,1,"2,0%",1,"2,0%",1,"2,0%",0,"0,0%",0,0,0,0,0,0,1,1,1,4,4,1,1,0,3,2,2,1,0,1,1,0,0,0,1,1,0,0,0,0,0,0,0,0,0,0,0,0,0,0,2,8,5,3,25,20,5,0,0
SD Huesca,Defender,15,Akapo,41,1,"1,0%",0,"1,0%",1,"1,0%",0,"1,0%",0,0,0,0,0,0,1,0,1,2,1,1,1,0,2,2,1,1,0,1,1,0,0,0,0,0,0,0,0,0,0,0,0,0,0,0,0,0,0,0,1,5,3,1,14,12,2,0,0
SD Huesca,Defender,16,Luisinho,14,0,"1,0%",0,"0,0%",0,"1,0%",0,"0,0%",0,0,0,0,0,0,0,0,0,1,0,0,0,0,1,1,0,0,0,0,0,0,0,0,0,0,0,0,0,0,0,0,0,0,0,0,0,0,0,0,0,1,1,0,5,5,1,0,0
SD Huesca,Defender,18,Insua,34,0,"1,0%",0,"1,0%",0,"1,0%",0,"0,0%",0,0,0,0,0,0,0,0,1,1,2,0,1,0,1,1,1,1,0,0,1,0,0,0,0,0,0,0,0,0,0,0,0,0,0,0,0,0,0,0,1,4,2,2,11,9,2,0,0
SD Huesca,Defender,24,Miramón,71,1,"2,0%",1,"2,0%",1,"2,0%",0,"0,0%",0,0,0,0,0,0,1,0,1,6,2,2,1,0,3,2,1,1,0,0,1,0,0,0,0,0,0,0,1,1,0,0,0,0,0,0,0,0,2,0,2,7,6,2,28,24,5,0,0
SD Huesca,Midfielder,5,Aguilera,23,0,"1,0%",0,"0,0%",0,"1,0%",0,"1,0%",0,0,0,0,0,0,0,0,0,2,0,0,0,0,1,1,0,0,0,0,0,0,0,0,0,0,0,0,0,0,0,0,0,0,0,0,0,0,0,0,0,2,1,1,12,11,1,0,0
SD Huesca,Midfielder,6,Moi Gómez,81,1,"95,0%",1,"73,0%",1,"92,0%",0,"22,0%",0,0,0,0,0,0,2,0,1,7,1,1,0,0,3,4,1,1,0,1,1,0,0,0,0,0,0,0,1,1,0,0,0,0,0,0,0,0,2,1,1,8,6,1,37,32,6,0,0
SD Huesca,Midfielder,7,Ferreiro,62,1,"2,0%",1,"1,0%",1,"2,0%",1,"1,0%",0,0,0,0,0,0,1,0,1,4,0,1,0,0,3,4,0,1,1,1,1,0,0,0,1,1,0,0,1,0,0,0,0,0,0,0,0,0,5,2,1,7,6,1,20,18,2,0,0
SD Huesca,Midfielder,8,Melero,35,1,"57,0%",0,"19,0%",0,"35,0%",0,"38,0%",0,0,0,0,0,0,1,0,0,3,1,1,0,0,1,2,1,1,0,0,1,0,0,0,0,1,0,0,0,0,0,0,0,0,1,0,0,0,0,0,1,5,4,1,19,18,1,0,0
SD Huesca,Midfielder,10,Camacho,1,0,"5,0%",0,"0,0%",0,"0,0%",0,"5,0%",0,0,0,0,0,0,0,0,0,0,0,0,0,0,0,0,0,0,0,0,0,0,0,0,0,0,0,0,0,0,0,0,0,0,0,0,0,0,0,0,0,0,0,0,1,1,0,0,0
SD Huesca,Midfielder,11,Álex Gallar,26,1,"65,0%",0,"8,0%",0,"27,0%",1,"57,0%",0,0,0,0,0,0,1,0,0,2,0,0,0,0,1,2,0,0,0,0,0,0,0,0,0,1,0,0,1,1,0,0,0,0,1,0,0,0,1,1,0,3,3,0,11,10,1,0,0
SD Huesca,Midfielder,12,Javi Galán,38,0,"41,0%",0,"41,0%",0,"41,0%",0,"0,0%",0,0,0,0,0,0,1,0,1,3,1,1,1,0,3,2,0,1,0,1,0,0,0,0,0,0,0,0,1,1,0,0,0,0,0,0,0,0,2,0,2,6,5,1,10,9,2,0,0
SD Huesca,Midfielder,17,Rivera,45,1,"57,0%",0,"35,0%",1,"49,0%",0,"22,0%",0,0,0,0,0,0,1,0,1,4,1,1,0,0,2,1,1,1,0,0,1,0,0,0,0,0,0,0,1,0,0,0,0,0,0,0,0,0,0,0,1,5,3,2,18,16,2,0,0
SD Huesca,Midfielder,20,Juanpi,18,0,"35,0%",0,"0,0%",0,"19,0%",0,"35,0%",0,0,0,0,0,0,0,0,0,1,0,0,0,0,1,1,0,0,0,0,0,0,0,0,0,0,0,0,0,0,0,0,0,0,1,0,0,0,0,0,0,3,2,1,6,5,1,0,0
SD Huesca,Midfielder,21,Herrera,31,0,"41,0%",0,"19,0%",0,"35,0%",0,"22,0%",0,0,0,0,0,0,1,0,0,2,1,1,1,0,2,2,1,1,0,1,1,0,0,0,0,0,0,0,0,0,0,0,0,0,0,0,0,0,0,0,1,6,5,1,11,10,1,0,0
SD Huesca,Midfielder,23,Musto,46,1,"2,0%",0,"1,0%",1,"1,0%",0,"1,0%",0,0,0,0,0,0,1,0,1,3,1,1,1,0,2,2,1,1,0,1,1,0,0,0,1,0,0,0,0,0,0,0,0,0,0,0,0,0,0,0,1,6,4,2,21,18,3,0,0
SD Huesca,Forward,9,Cucho Hernández,60,1,"2,0%",0,"1,0%",1,"2,0%",1,"2,0%",0,0,0,0,0,0,1,0,0,2,1,0,0,0,3,4,2,3,0,1,1,0,0,0,0,2,1,0,1,1,0,0,0,0,2,0,0,0,1,0,1,11,6,5,15,14,1,0,0
SD Huesca,Forward,19,Chimy Ávila,52,1,"89,0%",0,"22,0%",1,"51,0%",1,"68,0%",0,0,0,0,0,0,1,0,0,2,1,0,0,0,2,3,2,2,0,1,1,0,0,0,0,2,1,0,1,1,0,0,0,0,1,0,0,0,1,0,1,9,5,4,14,11,3,0,0
SD Huesca,Forward,22,Enric Gallego,41,1,"49,0%",0,"32,0%",0,"43,0%",0,"16,0%",0,0,0,0,0,0,1,0,0,1,1,0,0,0,2,3,3,3,1,1,1,0,0,0,0,1,0,0,0,1,0,0,0,0,0,0,0,0,0,0,1,10,4,6,10,10,0,0,0
Sevilla FC,Goalkeeper,1,Tomáš Vaclík,78,1,"86,0%",1,"86,0%",1,"89,0%",0,"0,0%",0,0,0,0,0,0,1,0,0,8,0,0,0,0,0,0,0,0,0,0,0,0,0,0,0,0,0,0,0,0,0,0,0,0,0,0,0,0,0,0,0,1,0,0,21,6,15,0,0
Sevilla FC,Goalkeeper,13,Juan Soriano,12,0,"0,0%",0,"0,0%",0,"0,0%",0,"0,0%",0,0,0,0,0,0,0,0,0,1,0,0,0,0,0,0,0,0,0,0,0,0,0,0,0,0,0,0,0,0,0,0,0,0,0,0,0,0,0,0,0,0,0,0,4,1,3,0,0
Sevilla FC,Goalkeeper,39,Javier Díaz,3,0,"0,0%",0,"0,0%",0,"0,0%",0,"0,0%",0,0,0,0,0,0,0,0,0,0,0,0,0,0,0,0,0,0,0,0,0,0,0,0,0,0,0,0,0,0,0,0,0,0,0,0,0,0,0,0,0,0,0,0,1,0,0,0,0
Sevilla FC,Defender,3,Sergi Gómez,75,1,"2,0%",1,"2,0%",1,"2,0%",0,"0,0%",0,0,0,0,0,0,1,1,1,3,4,1,0,0,2,1,2,2,0,0,1,0,0,0,0,0,0,0,0,0,0,0,0,0,0,0,0,0,0,0,1,7,3,4,39,33,6,0,0
Sevilla FC,Defender,4,Kjaer,53,1,"68,0%",0,"41,0%",1,"65,0%",0,"27,0%",0,0,0,0,0,0,1,1,1,3,4,1,0,0,1,1,2,1,0,0,1,0,0,0,0,0,0,0,0,0,0,0,0,0,0,0,0,0,0,0,1,5,2,3,24,20,4,0,0
Sevilla FC,Defender,6,Carriço,61,1,"2,0%",1,"2,0%",1,"2,0%",0,"0,0%",0,0,0,0,0,0,1,0,1,3,3,1,1,0,1,1,2,1,0,0,1,0,0,0,0,0,0,0,0,0,0,0,0,0,0,0,0,0,0,0,1,6,3,3,29,24,5,0,0
Sevilla FC,Defender,14,Maximilian Wöber,19,0,"1,0%",0,"1,0%",0,"1,0%",0,"0,0%",0,0,0,0,0,0,0,0,0,1,1,0,0,0,0,0,1,1,0,0,0,0,0,0,0,0,0,0,0,0,0,0,0,0,0,0,0,0,0,0,0,2,1,1,9,8,1,0,0
Sevilla FC,Defender,18,Escudero,41,1,"54,0%",0,"27,0%",1,"46,0%",0,"27,0%",0,0,0,0,0,0,0,0,1,3,1,1,0,0,2,2,1,1,0,1,1,0,0,0,0,1,0,0,0,0,0,0,0,0,0,0,0,0,1,0,1,5,4,2,20,18,2,0,0
Sevilla FC,Defender,23,Arana,29,0,"1,0%",0,"1,0%",0,"1,0%",0,"1,0%",0,0,0,0,0,0,0,0,0,2,0,0,0,0,1,1,0,0,0,0,0,0,0,0,0,0,0,0,0,0,0,0,0,0,0,0,0,0,1,0,1,2,2,0,10,10,1,0,0
Sevilla FC,Defender,24,Gnagnon,12,0,"16,0%",0,"8,0%",0,"11,0%",0,"8,0%",0,0,0,0,0,0,0,0,0,1,0,0,0,0,1,0,1,0,0,0,0,0,0,0,0,0,0,0,0,0,0,0,0,0,0,0,0,0,0,0,0,2,1,1,7,6,1,0,0
Sevilla FC,Defender,25,Mercado,46,1,"59,0%",0,"35,0%",1,"49,0%",0,"24,0%",0,0,0,0,0,0,1,0,1,2,2,1,0,0,1,1,1,1,0,1,1,0,0,0,0,0,0,0,0,0,0,0,0,0,0,0,0,0,0,0,1,5,3,2,20,17,3,0,0
Sevilla FC,Midfielder,5,Amadou,20,0,"43,0%",0,"8,0%",0,"16,0%",0,"35,0%",0,0,0,0,0,0,0,0,0,1,1,1,0,0,1,1,1,0,0,0,0,0,0,0,0,0,0,0,0,0,0,0,0,0,0,0,0,0,0,0,1,3,2,1,9,8,1,0,0
Sevilla FC,Midfielder,7,R. Mesa,47,1,"2,0%",0,"1,0%",1,"1,0%",1,"1,0%",0,0,0,0,0,0,1,0,0,4,0,1,1,0,3,3,0,1,0,1,1,0,0,0,1,1,0,0,1,0,0,0,0,0,0,0,0,0,1,0,1,6,6,1,25,23,2,0,0
Sevilla FC,Midfielder,10,Banega,77,1,"2,0%",1,"1,0%",1,"2,0%",0,"1,0%",0,0,0,0,0,0,1,0,1,8,1,1,1,0,6,5,0,1,0,2,2,0,0,0,1,1,0,0,2,1,0,0,0,0,2,0,0,0,2,3,2,12,11,1,60,51,9,0,0
Sevilla FC,Midfielder,11,Aleix Vidal,14,0,"27,0%",0,"5,0%",0,"11,0%",0,"22,0%",0,0,0,0,0,0,0,0,0,1,0,0,0,0,1,1,0,0,0,0,0,0,0,0,0,0,0,0,0,0,0,0,0,0,0,0,0,0,1,0,0,2,2,0,7,6,1,0,0
Sevilla FC,Midfielder,15,Gonalons,15,0,"1,0%",0,"0,0%",0,"0,0%",0,"1,0%",0,0,0,0,0,0,0,0,0,1,0,0,0,0,1,1,1,0,0,0,1,0,0,0,0,0,0,0,0,0,0,0,0,0,0,0,0,0,0,0,0,2,2,1,9,8,1,0,0
Sevilla FC,Midfielder,16,J. Navas,71,1,"84,0%",1,"73,0%",1,"81,0%",0,"11,0%",0,0,0,0,0,0,1,0,1,5,1,1,0,0,2,1,0,1,0,1,0,0,0,0,0,1,0,0,1,0,0,0,0,0,0,0,0,0,5,0,1,5,4,2,37,32,5,0,0
Sevilla FC,Midfielder,17,Sarabia,74,1,"2,0%",1,"2,0%",1,"2,0%",0,"1,0%",0,0,0,0,0,0,1,0,1,4,0,0,0,0,3,4,0,1,1,1,1,0,0,0,0,2,1,0,1,1,0,0,0,0,1,0,0,0,3,3,1,8,7,1,33,31,2,0,0
Sevilla FC,Midfielder,20,Marko Rog,9,0,"24,0%",0,"0,0%",0,"8,0%",0,"24,0%",0,0,0,0,0,0,0,0,0,1,0,0,0,0,1,1,0,0,0,0,0,0,0,0,0,0,0,0,0,0,0,0,0,0,0,0,0,0,0,0,0,2,1,1,5,5,0,0,0
Sevilla FC,Midfielder,22,Vázquez,60,1,"89,0%",0,"35,0%",1,"68,0%",1,"54,0%",0,0,0,0,0,0,1,0,1,4,1,1,0,0,4,5,2,2,0,2,1,0,0,0,1,1,0,0,1,1,0,0,0,0,0,0,0,0,1,0,1,12,9,3,28,26,2,0,0
Sevilla FC,Midfielder,41,Bryan Gil Salvatierra,4,0,"27,0%",0,"0,0%",0,"0,0%",0,"27,0%",0,0,0,0,0,0,0,0,0,0,0,0,0,0,1,1,0,0,0,0,0,0,0,0,0,0,0,0,0,0,0,0,0,0,0,0,0,0,0,0,0,1,1,0,2,2,0,0,0
Sevilla FC,Forward,8,Nolito,2,0,"8,0%",0,"0,0%",0,"3,0%",0,"8,0%",0,0,0,0,0,0,0,0,0,0,0,0,0,0,0,0,0,0,0,0,0,0,0,0,0,0,0,0,0,0,0,0,0,0,0,0,0,0,0,0,0,0,0,0,1,1,0,0,0
Sevilla FC,Forward,9,Ben Yedder,74,1,"92,0%",1,"54,0%",1,"81,0%",0,"38,0%",0,0,0,1,0,0,1,0,0,2,0,0,0,0,2,3,1,3,1,1,1,0,0,0,0,2,1,0,1,1,0,0,0,0,2,0,0,0,1,0,1,9,5,4,20,19,1,0,0
Sevilla FC,Forward,12,André Silva,72,1,"2,0%",1,"2,0%",1,"2,0%",0,"1,0%",0,0,0,0,0,0,1,0,0,2,1,0,0,0,2,4,2,3,1,1,1,0,0,0,0,2,1,0,1,1,0,0,0,0,0,0,0,0,0,0,0,11,6,5,18,17,0,0,0
Sevilla FC,Forward,19,Munir,31,1,"59,0%",0,"14,0%",0,"32,0%",0,"46,0%",0,0,0,0,0,0,1,0,0,1,0,0,0,0,2,1,1,1,0,1,1,0,0,0,0,1,0,0,0,0,0,0,0,0,0,0,0,0,1,0,1,4,3,1,10,9,0,0,0
Sevilla FC,Forward,21,Promes,44,1,"2,0%",0,"1,0%",0,"1,0%",1,"2,0%",0,0,0,0,0,0,1,0,1,3,1,1,0,0,2,2,1,1,0,0,1,0,0,0,0,1,0,0,1,1,0,0,0,0,0,0,0,0,2,0,1,5,4,1,21,19,2,0,0
Valencia CF,Goalkeeper,1,Domenech,10,0,"8,0%",0,"8,0%",0,"8,0%",0,"0,0%",0,0,0,0,0,0,0,0,0,1,0,0,0,0,0,0,0,0,0,0,0,0,0,0,0,0,0,0,0,0,0,0,0,0,0,0,0,0,0,0,0,0,0,0,2,0,2,0,0
Valencia CF,Goalkeeper,13,Neto,85,1,"2,0%",1,"2,0%",1,"2,0%",0,"0,0%",0,0,0,0,0,0,1,0,0,8,1,0,0,0,0,0,0,0,0,0,0,0,0,0,0,0,0,0,0,0,0,0,0,0,0,0,0,0,0,0,0,0,0,0,19,4,15,0,0
Valencia CF,Defender,4,Roncaglia,48,1,"1,0%",1,"1,0%",1,"1,0%",0,"0,0%",0,0,0,0,0,0,1,0,1,3,2,1,1,0,2,1,1,1,0,0,1,0,0,0,0,0,0,0,0,0,0,0,0,0,0,0,0,0,0,0,1,5,3,2,23,20,3,0,0
Valencia CF,Defender,5,Gabriel Paulista,69,1,"78,0%",1,"73,0%",1,"78,0%",0,"5,0%",0,0,0,0,0,0,1,1,2,4,4,0,0,0,2,1,2,1,0,1,1,0,0,0,0,0,0,0,0,0,0,0,0,0,0,0,0,0,0,0,1,5,3,2,34,29,5,0,0
Valencia CF,Defender,12,Diakhaby,41,1,"57,0%",0,"41,0%",0,"41,0%",0,"16,0%",0,0,0,0,0,0,1,0,1,3,3,0,0,0,1,1,1,1,0,0,1,0,0,0,0,0,0,0,0,0,0,0,0,0,0,0,0,0,0,0,0,3,1,2,18,16,2,0,0
Valencia CF,Defender,14,Gayá,83,1,"92,0%",1,"89,0%",1,"92,0%",0,"3,0%",0,0,0,0,0,0,1,0,1,5,3,2,1,0,5,3,1,1,0,1,1,0,0,0,0,0,0,0,1,1,0,0,0,0,0,0,0,0,3,0,2,10,8,2,38,34,4,0,0
Valencia CF,Defender,15,Lato,8,0,"0,0%",0,"0,0%",0,"0,0%",0,"0,0%",0,0,0,0,0,0,0,0,0,1,0,0,0,0,0,0,0,0,0,0,0,0,0,0,0,0,0,0,0,0,0,0,0,0,0,0,0,0,0,0,0,1,1,0,4,4,0,0,0
Valencia CF,Defender,21,Piccini ,51,1,"2,0%",1,"1,0%",1,"2,0%",0,"0,0%",0,0,0,0,0,0,1,0,1,3,2,1,0,0,2,2,1,1,0,0,1,0,0,0,0,0,0,0,1,1,0,0,0,0,0,0,0,0,1,0,1,5,4,1,21,19,2,0,0
Valencia CF,Defender,24,Garay,58,1,"2,0%",1,"2,0%",1,"2,0%",0,"0,0%",0,0,0,0,0,0,1,1,1,2,4,1,0,0,1,1,2,1,0,0,1,0,0,0,0,0,0,0,0,0,0,0,0,0,0,0,0,0,0,0,1,5,2,3,29,24,5,0,0
Valencia CF,Defender,36,Hugo Guillamón,0,0,"0,0%",0,"0,0%",0,"0,0%",0,"0,0%",0,0,0,0,0,0,0,0,0,0,0,0,0,0,0,0,0,0,0,0,0,0,0,0,0,0,0,0,0,0,0,0,0,0,0,0,0,0,0,0,0,0,0,0,0,0,0,0,0
Valencia CF,Midfielder,6,Kondogbia,33,1,"49,0%",0,"27,0%",0,"38,0%",0,"22,0%",0,0,0,0,0,0,0,0,1,3,1,1,0,0,2,2,1,1,0,1,1,0,0,0,0,0,0,0,1,0,0,0,0,0,0,0,0,0,0,0,1,5,4,1,20,17,3,0,0
Valencia CF,Midfielder,7,Gonçalo Guedes,39,1,"65,0%",0,"11,0%",1,"46,0%",1,"54,0%",0,0,0,0,0,0,0,0,0,2,0,0,1,0,3,2,0,0,0,1,1,0,0,0,0,1,0,0,1,1,0,0,0,0,0,0,0,0,1,0,1,6,5,1,16,15,1,0,0
Valencia CF,Midfielder,8,Carlos Soler,65,1,"81,0%",1,"46,0%",1,"70,0%",0,"35,0%",0,0,0,0,0,0,1,0,1,4,1,1,0,0,3,4,1,1,0,1,1,0,0,0,1,1,0,0,1,1,0,0,0,0,0,0,0,0,2,0,1,9,7,1,24,22,2,0,0
Valencia CF,Midfielder,10,Parejo,81,1,"95,0%",1,"84,0%",1,"92,0%",0,"11,0%",0,0,0,0,0,0,1,0,1,7,1,1,1,0,4,3,1,1,0,1,1,0,0,0,0,1,1,0,1,0,0,0,0,0,5,0,0,0,1,5,2,9,7,1,58,51,7,0,0
Valencia CF,Midfielder,11,Chéryshev,52,1,"2,0%",0,"1,0%",1,"2,0%",1,"1,0%",0,0,0,0,0,0,1,0,1,3,0,1,0,0,3,3,1,1,0,1,1,0,0,0,0,1,0,0,1,1,0,0,0,0,0,0,0,0,3,0,1,8,5,2,18,17,2,0,0
Valencia CF,Midfielder,16,Lee Kang-In,1,0,"0,0%",0,"0,0%",0,"0,0%",0,"0,0%",0,0,0,0,0,0,0,0,0,0,0,0,0,0,0,0,0,0,0,0,0,0,0,0,0,0,0,0,0,0,0,0,0,0,0,0,0,0,0,0,0,0,0,0,0,0,0,0,0
Valencia CF,Midfielder,17,Coquelin,47,1,"68,0%",0,"24,0%",1,"51,0%",0,"43,0%",0,0,0,0,0,0,0,0,1,4,1,1,0,0,3,2,1,1,0,1,1,0,0,0,0,0,0,0,1,0,0,0,0,0,0,0,0,0,0,0,1,6,5,2,25,22,3,0,0
Valencia CF,Midfielder,18,Wass,62,1,"84,0%",1,"46,0%",1,"68,0%",0,"38,0%",0,0,0,0,0,0,1,0,1,3,1,1,0,0,2,2,1,1,0,1,1,0,0,0,0,1,0,0,0,0,0,0,0,0,0,0,0,0,2,0,1,6,4,3,30,27,3,0,0
Valencia CF,Midfielder,37,Fran Navarro,0,0,"0,0%",0,"0,0%",0,"0,0%",0,"0,0%",0,0,0,0,0,0,0,0,0,0,0,0,0,0,0,0,0,0,0,0,0,0,0,0,0,0,0,0,0,0,0,0,0,0,0,0,0,0,0,0,0,0,0,0,0,0,0,0,0
Valencia CF,Forward,9,Gameiro,42,1,"86,0%",0,"19,0%",0,"43,0%",1,"68,0%",0,0,0,0,0,0,1,0,0,1,0,0,0,0,1,2,0,1,0,0,0,0,0,0,0,1,0,0,0,0,0,0,0,0,0,0,0,0,0,0,0,4,3,1,11,11,0,0,0
Valencia CF,Forward,19,Rodrigo,67,1,"86,0%",1,"54,0%",1,"76,0%",0,"32,0%",0,0,0,0,0,0,1,0,0,2,0,0,0,0,3,3,1,2,0,1,1,0,0,0,0,2,1,0,1,1,0,0,0,0,0,0,0,0,1,0,1,9,5,3,22,20,1,0,0
Valencia CF,Forward,20,Ferrán,22,1,"62,0%",0,"3,0%",0,"22,0%",1,"59,0%",0,0,0,0,0,0,0,0,0,1,0,0,0,0,1,1,1,1,0,0,1,0,0,0,0,0,0,0,0,0,0,0,0,0,0,0,0,0,1,0,0,4,2,1,8,7,1,0,0
Valencia CF,Forward,22,S. Mina,49,1,"78,0%",0,"24,0%",1,"59,0%",1,"54,0%",0,0,0,0,0,0,1,0,0,1,1,0,0,0,2,3,1,2,0,1,1,0,0,0,0,1,1,0,0,1,0,0,0,0,0,0,0,0,0,0,0,8,5,3,12,12,1,0,0
Valencia CF,Forward,23,Sobrino,33,1,"2,0%",0,"0,0%",0,"1,0%",1,"2,0%",0,0,0,0,0,0,1,0,0,1,0,0,0,0,2,2,1,2,0,1,1,0,0,0,0,1,0,0,1,1,0,0,0,0,0,0,0,0,0,0,1,6,4,3,8,8,0,0,0
Villarreal CF,Goalkeeper,1,S. Asenjo ,90,1,"3,0%",1,"3,0%",1,"3,0%",0,"0,0%",0,0,0,0,0,0,1,0,0,8,1,0,0,0,0,0,0,0,0,0,0,0,0,0,0,0,0,0,0,0,0,0,0,0,0,0,0,0,0,0,0,0,0,0,21,7,15,0,0
Villarreal CF,Goalkeeper,13,Andrés Fdez,14,0,"14,0%",0,"14,0%",0,"14,0%",0,"0,0%",0,0,0,0,0,0,0,0,0,1,0,0,0,0,0,0,0,0,0,0,0,0,0,0,0,0,0,0,0,0,0,0,0,0,0,0,0,0,0,0,0,0,0,0,5,2,3,0,0
Villarreal CF,Goalkeeper,25,Barbosa,0,0,"0,0%",0,"0,0%",0,"0,0%",0,"0,0%",0,0,0,0,0,0,0,0,0,0,0,0,0,0,0,0,0,0,0,0,0,0,0,0,0,0,0,0,0,0,0,0,0,0,0,0,0,0,0,0,0,0,0,0,0,0,0,0,0
Villarreal CF,Defender,,Quintillà,17,0,"16,0%",0,"14,0%",0,"16,0%",0,"3,0%",0,0,0,0,0,0,0,0,0,1,0,0,0,0,0,0,0,0,0,0,0,0,0,0,0,0,0,0,0,0,0,0,0,0,0,0,0,0,1,0,0,1,1,0,7,7,1,0,0
Villarreal CF,Defender,2,Mario Gaspar,70,1,"2,0%",1,"2,0%",1,"2,0%",0,"0,0%",0,0,0,0,0,0,1,0,1,3,2,1,1,0,2,3,2,1,0,0,1,0,0,0,1,0,0,0,0,0,0,0,0,0,0,0,0,0,1,0,2,8,5,3,29,25,3,0,0
Villarreal CF,Defender,3,Álvaro ,78,1,"86,0%",1,"81,0%",1,"86,0%",0,"5,0%",0,0,0,0,0,0,1,1,1,3,5,1,0,0,2,1,2,1,0,1,1,0,0,0,1,0,0,0,0,0,0,0,0,0,0,0,0,0,0,0,1,7,3,4,39,32,8,0,0
Villarreal CF,Defender,4,Funes Mori,69,1,"81,0%",1,"70,0%",1,"76,0%",0,"11,0%",0,0,0,0,0,0,1,1,1,5,4,1,0,0,2,2,2,1,0,1,1,0,0,0,1,0,0,0,0,0,0,0,0,0,0,0,0,0,0,0,1,6,3,3,32,25,7,0,0
Villarreal CF,Defender,6,Víctor Ruiz,64,1,"2,0%",1,"2,0%",1,"2,0%",0,"0,0%",0,0,0,0,0,0,1,1,1,4,2,1,0,0,2,1,2,1,0,0,1,0,0,0,1,0,0,0,0,0,0,0,0,0,0,0,0,0,0,0,1,5,3,3,39,33,6,0,0
Villarreal CF,Defender,11,J. Costa,39,1,"54,0%",0,"30,0%",1,"46,0%",0,"24,0%",0,0,0,0,0,0,1,0,1,2,1,1,0,0,2,1,1,1,0,1,1,0,0,0,0,0,0,0,0,0,0,0,0,0,0,0,0,0,1,0,1,4,3,1,21,18,2,0,0
Villarreal CF,Defender,15,Miguelón,19,0,"1,0%",0,"0,0%",0,"1,0%",0,"1,0%",0,0,0,0,0,0,0,0,0,1,1,1,0,0,1,1,0,0,0,0,1,0,0,0,0,0,0,0,0,0,0,0,0,0,0,0,0,0,1,0,1,3,3,1,6,5,1,0,0
Villarreal CF,Defender,23,Bonera,8,0,"1,0%",0,"0,0%",0,"0,0%",0,"0,0%",0,0,0,0,0,0,0,0,0,0,0,0,0,0,0,0,0,0,0,0,0,0,0,0,0,0,0,0,0,0,0,0,0,0,0,0,0,0,0,0,0,0,0,0,3,3,0,0,0
Villarreal CF,Midfielder,,Manuel Morlanes,16,0,"24,0%",0,"3,0%",0,"19,0%",0,"22,0%",0,0,0,0,0,0,0,0,0,1,0,0,0,0,1,1,0,0,0,0,0,0,0,0,0,0,0,0,0,0,0,0,0,0,0,0,0,0,0,0,1,2,2,1,8,8,1,0,0
Villarreal CF,Midfielder,5,Cáseres,45,1,"2,0%",0,"1,0%",1,"1,0%",0,"1,0%",0,0,0,0,0,0,1,0,0,3,1,1,1,0,3,2,1,1,0,0,1,0,0,0,0,0,0,0,0,0,0,0,0,0,0,0,0,0,0,0,2,7,5,2,25,22,3,0,0
Villarreal CF,Midfielder,8,P. Fornals,67,1,"2,0%",1,"1,0%",1,"2,0%",0,"1,0%",0,0,0,0,0,0,1,0,1,4,0,1,1,0,4,4,1,2,0,1,1,0,0,0,0,1,1,0,1,1,0,0,0,0,0,0,0,0,1,0,1,10,7,2,31,28,2,0,0
Villarreal CF,Midfielder,10,Iborra,44,1,"49,0%",0,"43,0%",1,"49,0%",0,"5,0%",0,0,0,0,0,0,1,0,1,3,1,1,0,0,2,2,2,2,0,1,1,0,0,0,0,0,0,0,0,0,0,0,0,0,0,0,0,0,0,0,1,8,4,4,21,19,1,0,0
Villarreal CF,Midfielder,14,M. Trigueros,41,1,"62,0%",0,"30,0%",1,"46,0%",0,"32,0%",0,0,0,0,0,0,1,0,0,3,0,1,0,0,2,2,1,1,0,1,1,0,0,0,0,0,0,0,0,0,0,0,0,0,0,0,0,0,0,0,1,5,4,1,26,23,2,0,0
Villarreal CF,Midfielder,16,Pedraza,55,1,"89,0%",0,"43,0%",1,"57,0%",0,"46,0%",0,0,0,0,0,0,1,0,1,3,1,1,0,0,3,3,1,1,0,0,1,0,0,0,0,1,0,0,1,1,0,0,0,0,0,0,0,0,3,0,2,7,6,2,19,17,2,0,0
Villarreal CF,Midfielder,18,Javi Fuego,6,0,"11,0%",0,"0,0%",0,"5,0%",0,"11,0%",0,0,0,0,0,0,0,0,0,0,0,0,0,0,0,0,0,0,0,0,0,0,0,0,0,0,0,0,0,0,0,0,0,0,0,0,0,0,0,0,0,1,1,0,4,3,0,0,0
Villarreal CF,Midfielder,19,S. Cazorla,70,1,"92,0%",1,"57,0%",1,"81,0%",0,"35,0%",0,0,0,0,0,0,1,0,1,5,0,1,1,0,5,4,0,1,0,2,1,0,0,0,0,1,0,0,1,1,0,0,0,0,2,0,0,0,2,3,2,9,8,1,41,36,5,0,0
Villarreal CF,Midfielder,21,Bruno,0,0,"0,0%",0,"0,0%",0,"0,0%",0,"0,0%",0,0,0,0,0,0,0,0,0,0,0,0,0,0,0,0,0,0,0,0,0,0,0,0,0,0,0,0,0,0,0,0,0,0,0,0,0,0,0,0,0,0,0,0,0,0,0,0,0
Villarreal CF,Midfielder,22,Raba,5,0,"19,0%",0,"0,0%",0,"3,0%",0,"19,0%",0,0,0,0,0,0,0,0,0,0,0,0,0,0,0,1,0,0,0,0,0,0,0,0,0,0,0,0,0,0,0,0,0,0,0,0,0,0,0,0,0,1,1,0,2,2,0,0,0
Villarreal CF,Midfielder,30,Samuel Chukwueze,46,1,"2,0%",0,"1,0%",1,"1,0%",1,"1,0%",0,0,0,0,0,0,1,0,0,3,0,0,0,0,3,3,0,1,1,1,1,0,0,0,0,1,1,0,1,1,0,0,0,0,0,0,0,0,1,0,1,7,6,1,14,13,1,0,0
Villarreal CF,Midfielder,37,Iván Martín,0,0,"0,0%",0,"0,0%",0,"0,0%",0,"0,0%",0,0,0,0,0,0,0,0,0,0,0,0,0,0,0,0,0,0,0,0,0,0,0,0,0,0,0,0,0,0,0,0,0,0,0,0,0,0,0,0,0,0,0,0,0,0,0,0,0
Villarreal CF,Midfielder,42,Andrei Ratiu,0,0,"0,0%",0,"0,0%",0,"0,0%",0,"0,0%",0,0,0,0,0,0,0,0,0,0,0,0,0,0,0,0,0,0,0,0,0,0,0,0,0,0,0,0,0,0,0,0,0,0,0,0,0,0,0,0,0,0,0,0,0,0,0,0,0
Villarreal CF,Forward,7,Gerard,61,1,"92,0%",0,"43,0%",1,"68,0%",1,"49,0%",0,0,0,0,0,0,1,0,0,2,1,0,0,0,2,3,2,2,1,1,1,0,0,0,0,1,1,0,1,1,0,0,0,0,0,0,0,0,1,0,1,9,6,3,20,18,2,0,0
Villarreal CF,Forward,9,Bacca,33,1,"86,0%",0,"5,0%",0,"30,0%",1,"81,0%",0,0,0,0,0,0,0,0,0,1,0,0,0,0,1,2,1,1,0,0,1,0,0,0,0,1,0,0,0,0,0,0,0,0,1,0,0,0,0,0,0,3,2,1,7,7,0,0,0
Villarreal CF,Forward,17,Toko Ekambi,58,1,"2,0%",0,"1,0%",1,"2,0%",1,"2,0%",0,0,0,0,0,0,1,0,0,2,0,0,0,0,3,3,1,1,1,1,1,0,0,0,0,1,1,0,1,1,0,0,0,0,0,0,0,0,1,0,0,7,5,2,14,13,1,0,0
