Equipo,Posicion,Dorsal,Nombre,Minutos jugados,Partidos jugados,Porcentaje de Partidos jugados,Partidos jugados enteros,Porcentaje de Partidos jugados enteros,Partidos jugados como titular,Porcentaje de Partidos jugados como titular,Partidos sustituido,Porcentaje de Partidos sustituido,Tarjetas amarillas,Tarjetas rojas,Segunda tarjeta amarilla,Goles marcados,Penaltis marcados,Goles en propia puerta,Goles encajados mientras el jugador estaba en el campo,Bloqueos,Intercepciones,Recuperaciones,Despejes,Entradas con éxito,Entradas fallidas,Jugadas como último hombre,Duelos con éxito,Duelos fallidos,Duelos aéreos con éxito,Duelos aéreos fallidos,Fueras de juegos cometidos,Faltas recibidas,Faltas cometidas,Penaltis recibidos,Penaltis cometidos,Faltas por manos,Faltas cometidas por cada tarjetas recibida,Tiros realizados,Tiros a puerta,Asistencias de gol,Regates realizados con éxito,Regates fallidos,Goles marcados desde dentro del área,Goles marcados desde fuera del área,Goles marcados con el pie izquierdo,Goles marcados con el pie derecho,Goles marcados de penalti,Goles marcados de cabeza,Goles marcados de jugada a balón parado,Goles marcados en propia puerta,Centros realizados,Corneres lanzados,Entradas realizadas,Duelos realizados,Duelos cuerpo a cuerpo realizados,Duelos aéreos realizados,Pases,Pases cortos,Pases largos,Pases al hueco,Goles marcados por tiros realizados
Athletic Club,Portero,,Hodei Oleaga,0,0,"0,0%",0,"0,0%",0,"0,0%",0,"0,0%",0,0,0,0,0,0,0,0,0,0,0,0,0,0,0,0,0,0,0,0,0,0,0,0,0,0,0,0,0,0,0,0,0,0,0,0,0,0,0,0,0,0,0,0,0,0,0,0,0
Athletic Club,Portero,1,A. Remiro,0,0,"0,0%",0,"0,0%",0,"0,0%",0,"0,0%",0,0,0,0,0,0,0,0,0,0,0,0,0,0,0,0,0,0,0,0,0,0,0,0,0,0,0,0,0,0,0,0,0,0,0,0,0,0,0,0,0,0,0,0,0,0,0,0,0
Athletic Club,Portero,13,Herrerín,73,1,"81,0%",1,"81,0%",1,"81,0%",0,"0,0%",0,0,0,0,0,0,1,0,0,6,1,0,0,0,0,0,1,0,0,0,0,0,0,0,0,0,0,0,0,0,0,0,0,0,0,0,0,0,0,0,0,1,0,1,23,3,20,0,0
Athletic Club,Portero,25,Unai Simón,79,1,"2,0%",1,"2,0%",1,"2,0%",0,"0,0%",0,0,0,0,0,0,2,0,0,7,0,0,0,0,0,0,0,0,0,0,0,0,0,0,0,0,0,0,0,0,0,0,0,0,0,0,0,0,0,0,0,0,0,0,19,6,13,0,0
Athletic Club,Defensa,3,Núñez,30,0,"1,0%",0,"1,0%",0,"1,0%",0,"0,0%",0,0,0,0,0,0,0,0,1,1,2,0,0,0,1,1,1,1,0,0,0,0,0,0,0,0,0,0,0,0,0,0,0,0,0,0,0,0,0,0,0,3,1,2,15,13,2,0,0
Athletic Club,Defensa,4,I. Martínez,76,1,"86,0%",1,"84,0%",1,"86,0%",0,"3,0%",0,0,0,0,0,0,1,0,2,5,4,1,1,0,3,1,3,2,0,1,1,0,0,0,1,1,0,0,0,0,0,0,0,0,0,0,0,0,0,0,1,9,4,4,38,28,10,0,0
Athletic Club,Defensa,5,Yeray,69,1,"78,0%",1,"73,0%",1,"78,0%",0,"5,0%",0,0,0,0,0,0,1,0,2,4,4,1,1,0,2,1,3,2,0,1,1,0,0,0,1,0,0,0,0,0,0,0,0,0,0,0,0,0,0,0,1,8,3,5,34,28,6,0,0
Athletic Club,Defensa,6,San José,45,1,"86,0%",0,"41,0%",0,"43,0%",1,"46,0%",0,0,0,0,0,0,1,0,1,3,1,1,0,0,1,2,2,1,0,0,1,0,0,0,0,0,0,0,0,0,0,0,0,0,0,0,0,0,0,0,1,6,4,3,19,17,2,0,0
Athletic Club,Defensa,12,Yuri B.,82,1,"92,0%",1,"86,0%",1,"92,0%",0,"5,0%",0,0,0,0,0,0,1,0,1,7,2,1,0,0,4,3,2,1,0,2,1,0,0,0,0,1,0,0,1,1,0,0,0,0,0,0,0,0,3,0,1,10,7,3,36,34,2,0,0
Athletic Club,Defensa,15,I. Lekue,6,0,"0,0%",0,"0,0%",0,"0,0%",0,"0,0%",0,0,0,0,0,0,0,0,0,0,0,0,0,0,0,0,0,0,0,0,0,0,0,0,0,0,0,0,0,0,0,0,0,0,0,0,0,0,0,0,0,1,1,0,3,2,0,0,0
Athletic Club,Defensa,24,Balenziaga,14,0,"27,0%",0,"11,0%",0,"14,0%",0,"16,0%",0,0,0,0,0,0,0,0,0,1,0,0,0,0,0,0,0,0,0,0,0,0,0,0,0,0,0,0,0,0,0,0,0,0,0,0,0,0,0,0,0,1,1,0,5,4,1,0,0
Athletic Club,Centrocampista,,Nolaskoain,33,1,"2,0%",0,"1,0%",0,"1,0%",0,"1,0%",0,0,0,0,0,0,1,0,1,2,1,1,0,0,1,1,1,1,0,0,0,0,0,0,0,0,0,0,0,0,0,0,0,0,0,0,0,0,0,0,1,4,2,2,20,18,2,0,0
Athletic Club,Centrocampista,7,Beñat,54,1,"70,0%",0,"24,0%",1,"65,0%",0,"46,0%",0,0,0,0,0,0,1,0,1,5,0,1,1,0,2,3,1,0,0,0,1,0,0,0,0,0,0,0,0,0,0,0,0,0,0,0,0,0,1,2,1,6,5,1,31,27,4,0,0
Athletic Club,Centrocampista,8,Iturraspe,3,0,"0,0%",0,"0,0%",0,"0,0%",0,"0,0%",0,0,0,0,0,0,0,0,0,0,0,0,0,0,0,0,0,0,0,0,0,0,0,0,0,0,0,0,0,0,0,0,0,0,0,0,0,0,0,0,0,0,0,0,3,3,0,0,0
Athletic Club,Centrocampista,11,Córdoba,36,1,"2,0%",0,"0,0%",0,"1,0%",1,"1,0%",0,0,0,0,0,0,1,0,1,3,0,1,0,0,2,3,1,1,0,1,1,0,0,0,0,0,0,0,1,1,0,0,0,0,0,0,0,0,1,0,1,6,5,1,11,10,1,0,0
Athletic Club,Centrocampista,14,Susaeta,37,1,"2,0%",0,"1,0%",0,"1,0%",0,"1,0%",0,0,0,0,0,0,1,0,0,2,0,0,0,0,1,2,0,1,0,0,0,0,0,0,0,0,0,0,0,1,0,0,0,0,0,0,0,0,2,1,1,4,3,1,14,14,1,0,0
Athletic Club,Centrocampista,16,Dani García,65,1,"76,0%",1,"62,0%",1,"76,0%",0,"14,0%",0,0,0,0,0,0,1,0,1,5,1,1,1,0,2,2,2,1,0,1,1,0,0,0,1,0,0,0,0,0,0,0,0,0,0,0,0,0,0,0,2,7,5,2,37,32,5,0,0
Athletic Club,Centrocampista,17,Mikel Rico,7,0,"0,0%",0,"0,0%",0,"0,0%",0,"0,0%",0,0,0,0,0,0,0,0,0,1,0,0,0,0,0,1,0,0,0,0,0,0,0,0,0,0,0,0,0,0,0,0,0,0,0,0,0,0,0,0,0,1,1,0,3,3,0,0,0
Athletic Club,Centrocampista,18,De Marcos,67,1,"2,0%",1,"2,0%",1,"2,0%",0,"1,0%",0,0,0,0,0,0,1,0,1,3,1,1,1,0,2,3,1,1,0,0,1,0,0,0,0,0,0,0,0,0,0,0,0,0,0,0,0,0,2,0,2,7,5,2,29,26,3,0,0
Athletic Club,Centrocampista,19,Ibai,54,1,"84,0%",0,"24,0%",1,"62,0%",1,"59,0%",0,0,0,0,0,0,1,0,0,3,1,0,0,0,1,2,0,1,0,0,0,0,0,0,0,1,0,0,1,1,0,0,0,0,0,0,0,0,2,1,1,4,3,1,19,17,2,0,0
Athletic Club,Centrocampista,21,Capa,43,1,"65,0%",0,"38,0%",0,"43,0%",0,"27,0%",0,0,0,0,0,0,1,0,1,2,1,1,0,0,2,3,1,0,0,0,1,0,0,0,1,0,0,0,1,1,0,0,0,0,0,0,0,0,1,0,1,6,5,1,18,16,3,0,0
Athletic Club,Centrocampista,22,Raúl García,63,1,"86,0%",0,"35,0%",1,"70,0%",1,"51,0%",0,0,0,0,0,0,1,0,1,3,1,1,1,0,3,4,5,4,0,2,3,0,0,0,1,2,1,0,0,0,0,0,0,0,2,0,0,0,1,0,2,17,8,9,24,21,2,0,0
Athletic Club,Centrocampista,23,Unai López,10,0,"1,0%",0,"0,0%",0,"0,0%",0,"1,0%",0,0,0,0,0,0,0,0,0,1,0,0,0,0,1,0,0,0,0,0,0,0,0,0,0,0,0,0,0,0,0,0,0,0,0,0,0,0,0,0,0,1,1,0,7,7,1,0,0
Athletic Club,Centrocampista,32,Iñigo Vicente,0,0,"0,0%",0,"0,0%",0,"0,0%",0,"0,0%",0,0,0,0,0,0,0,0,0,0,0,0,0,0,0,0,0,0,0,0,0,0,0,0,0,0,0,0,0,0,0,0,0,0,0,0,0,0,0,0,0,0,0,0,0,0,0,0,0
Athletic Club,Delantero,,Gorka Guruzeta,2,0,"1,0%",0,"0,0%",0,"0,0%",0,"1,0%",0,0,0,0,0,0,0,0,0,0,0,0,0,0,0,0,0,1,0,0,0,0,0,0,0,0,0,0,0,0,0,0,0,0,0,0,0,0,0,0,0,1,0,1,0,0,0,0,0
Athletic Club,Delantero,2,Kenan Kodro,4,0,"1,0%",0,"0,0%",0,"0,0%",0,"1,0%",0,0,0,0,0,0,0,0,0,0,0,0,0,0,0,0,0,0,0,0,0,0,0,0,0,0,0,0,0,0,0,0,0,0,0,0,0,0,0,0,0,1,1,0,1,1,0,0,0
Athletic Club,Delantero,9,Williams,80,1,"100,0%",1,"51,0%",1,"95,0%",1,"49,0%",0,0,0,0,0,0,1,0,0,2,1,1,0,0,3,4,2,3,1,1,1,0,0,0,0,2,1,0,1,1,0,0,0,0,0,0,0,0,1,0,1,12,7,5,18,18,0,0,0
Athletic Club,Delantero,10,Muniain ,63,1,"89,0%",0,"41,0%",1,"70,0%",1,"49,0%",0,0,0,0,0,0,1,0,0,4,0,1,0,0,4,4,0,1,0,2,1,0,0,0,0,1,0,0,2,1,0,0,0,0,1,0,0,0,1,0,1,9,8,1,31,30,1,0,0
Athletic Club,Delantero,20,Aduriz,25,1,"51,0%",0,"11,0%",0,"27,0%",0,"41,0%",0,0,0,0,0,0,0,0,0,1,0,0,0,0,0,1,1,2,0,0,1,0,0,0,0,1,0,0,0,0,0,0,0,0,2,0,0,0,0,0,0,4,1,3,6,6,0,0,0
Atlético de Madrid,Portero,,Alex Dos Santos,0,0,"0,0%",0,"0,0%",0,"0,0%",0,"0,0%",0,0,0,0,0,0,0,0,0,0,0,0,0,0,0,0,0,0,0,0,0,0,0,0,0,0,0,0,0,0,0,0,0,0,0,0,0,0,0,0,0,0,0,0,0,0,0,0,0
Atlético de Madrid,Portero,1,Adán,2,0,"0,0%",0,"0,0%",0,"0,0%",0,"0,0%",0,0,0,0,0,0,0,0,0,0,0,0,0,0,0,0,0,0,0,0,0,0,0,0,0,0,0,0,0,0,0,0,0,0,0,0,0,0,0,0,0,0,0,0,1,0,0,0,0
Atlético de Madrid,Portero,13,Oblak ,90,1,"3,0%",1,"3,0%",1,"3,0%",0,"0,0%",0,0,0,0,0,0,1,0,0,7,1,0,0,0,0,0,0,0,0,0,0,0,0,0,0,0,0,0,0,0,0,0,0,0,0,0,0,0,0,0,0,0,0,0,21,4,17,0,0
Atlético de Madrid,Defensa,2,Godín,66,1,"78,0%",1,"70,0%",1,"73,0%",0,"8,0%",0,0,0,0,0,0,1,0,1,4,4,1,1,0,2,1,2,2,0,1,1,0,0,0,0,0,0,0,0,0,0,0,0,0,0,0,0,0,0,0,1,7,3,4,28,23,5,0,0
Atlético de Madrid,Defensa,3,Filipe Luis,54,1,"70,0%",0,"38,0%",1,"62,0%",0,"32,0%",0,0,0,0,0,0,1,0,1,4,1,1,1,0,3,2,1,0,0,0,1,0,0,0,0,0,0,0,1,0,0,0,0,0,0,0,0,0,1,0,2,5,5,1,34,31,3,0,0
Atlético de Madrid,Defensa,4,Arias,51,1,"2,0%",1,"1,0%",1,"2,0%",0,"1,0%",0,0,0,0,0,0,0,0,1,3,1,1,1,0,3,1,1,1,0,1,1,0,0,0,0,0,0,0,0,0,0,0,0,0,0,0,0,0,2,0,1,6,4,2,23,21,1,0,0
Atlético de Madrid,Defensa,15,Savić,39,1,"1,0%",0,"1,0%",1,"1,0%",0,"0,0%",0,0,0,0,0,0,0,0,1,2,2,0,0,0,1,1,1,1,0,0,0,0,0,0,0,0,0,0,0,0,0,0,0,0,0,0,0,0,0,0,0,3,1,2,15,12,3,0,0
Atlético de Madrid,Defensa,18,Nehuen Pérez,0,0,"0,0%",0,"0,0%",0,"0,0%",0,"0,0%",0,0,0,0,0,0,0,0,0,0,0,0,0,0,0,0,0,0,0,0,0,0,0,0,0,0,0,0,0,0,0,0,0,0,0,0,0,0,0,0,0,0,0,0,0,0,0,0,0
Atlético de Madrid,Defensa,20,Juanfran,42,1,"57,0%",0,"38,0%",1,"46,0%",0,"19,0%",0,0,0,0,0,0,0,0,1,4,1,1,0,0,2,1,0,0,0,0,0,0,0,0,0,0,0,0,0,0,0,0,0,0,0,0,0,0,1,0,1,4,3,1,20,19,1,0,0
Atlético de Madrid,Defensa,21,L. Hernández,49,1,"2,0%",0,"1,0%",1,"2,0%",0,"1,0%",0,0,0,0,0,0,0,0,1,3,2,1,0,0,3,1,1,1,0,1,1,0,0,0,0,0,0,0,0,0,0,0,0,0,0,0,0,0,0,0,2,5,4,2,22,19,3,0,0
Atlético de Madrid,Defensa,24,J. M. Giménez,54,1,"2,0%",1,"1,0%",1,"2,0%",0,"0,0%",0,0,0,0,0,0,0,0,1,3,4,1,0,0,2,1,2,1,0,1,0,0,0,0,0,0,0,0,0,0,0,0,0,0,0,0,0,0,0,0,1,5,2,3,22,16,5,0,0
Atlético de Madrid,Defensa,33,Andrés Solano,2,0,"0,0%",0,"0,0%",0,"0,0%",0,"0,0%",0,0,0,0,0,0,0,0,0,0,0,0,0,0,0,0,0,0,0,0,0,0,0,0,0,0,0,0,0,0,0,0,0,0,0,0,0,0,0,0,0,0,0,0,1,1,0,0,0
Atlético de Madrid,Defensa,35,Francisco Montero,11,0,"22,0%",0,"5,0%",0,"8,0%",0,"16,0%",0,0,0,0,0,0,0,0,0,0,0,0,0,0,0,0,0,0,0,0,0,0,0,0,0,0,0,0,0,0,0,0,0,0,0,0,0,0,0,0,0,1,0,0,4,3,1,0,0
Atlético de Madrid,Defensa,54,Manuel Sánchez,0,0,"0,0%",0,"0,0%",0,"0,0%",0,"0,0%",0,0,0,0,0,0,0,0,0,0,0,0,0,0,0,0,0,0,0,0,0,0,0,0,0,0,0,0,0,0,0,0,0,0,0,0,0,0,0,0,0,0,0,0,0,0,0,0,0
Atlético de Madrid,Centrocampista,5,Thomas,54,1,"84,0%",0,"43,0%",1,"57,0%",0,"41,0%",0,0,0,0,0,0,1,0,1,4,1,1,1,0,3,2,1,1,0,1,1,0,0,0,0,1,0,0,1,0,0,0,0,0,0,0,0,0,0,0,2,7,5,2,35,32,3,0,0
Atlético de Madrid,Centrocampista,6,Koke,68,1,"78,0%",1,"68,0%",1,"76,0%",0,"11,0%",0,0,0,0,0,0,1,0,1,5,1,1,1,0,4,3,0,0,0,1,1,0,0,0,0,0,0,0,0,0,0,0,0,0,0,0,0,0,1,2,2,8,7,1,51,46,4,0,0
Atlético de Madrid,Centrocampista,8,Saúl,79,1,"2,0%",1,"2,0%",1,"2,0%",0,"0,0%",0,0,0,0,0,0,1,0,1,6,2,2,1,0,4,4,3,2,0,1,2,0,0,0,1,1,1,0,1,1,0,0,0,0,0,0,0,0,1,0,2,12,8,4,40,37,3,0,0
Atlético de Madrid,Centrocampista,14,Rodrigo,72,1,"89,0%",1,"59,0%",1,"84,0%",0,"30,0%",0,0,0,0,0,0,1,0,1,7,2,2,1,0,4,3,2,1,0,1,2,0,0,0,0,1,0,0,1,0,0,0,0,0,0,0,0,0,0,0,3,11,8,3,51,47,4,0,0
Atlético de Madrid,Centrocampista,28,Cristian Rodríguez,0,0,"0,0%",0,"0,0%",0,"0,0%",0,"0,0%",0,0,0,0,0,0,0,0,0,0,0,0,0,0,0,0,0,0,0,0,0,0,0,0,0,0,0,0,0,0,0,0,0,0,0,0,0,0,0,0,0,0,0,0,0,0,0,0,0
Atlético de Madrid,Centrocampista,30,Mikel Carro,0,0,"0,0%",0,"0,0%",0,"0,0%",0,"0,0%",0,0,0,0,0,0,0,0,0,0,0,0,0,0,0,0,0,0,0,0,0,0,0,0,0,0,0,0,0,0,0,0,0,0,0,0,0,0,0,0,0,0,0,0,0,0,0,0,0
Atlético de Madrid,Centrocampista,32,Borja Garcés,5,0,"1,0%",0,"0,0%",0,"0,0%",0,"1,0%",0,0,0,0,0,0,0,0,0,0,0,0,0,0,0,0,0,0,0,0,0,0,0,0,0,0,0,0,0,0,0,0,0,0,0,0,0,0,0,0,0,0,0,0,1,1,0,0,0
Atlético de Madrid,Centrocampista,40,Victor Mollejo,2,0,"8,0%",0,"0,0%",0,"0,0%",0,"8,0%",0,0,0,0,0,0,0,0,0,0,0,0,0,0,0,0,0,0,0,0,0,0,0,0,0,0,0,0,0,0,0,0,0,0,0,0,0,0,0,0,0,1,0,0,1,1,0,0,0
Atlético de Madrid,Centrocampista,47,Joaquín Muñoz,0,0,"0,0%",0,"0,0%",0,"0,0%",0,"0,0%",0,0,0,0,0,0,0,0,0,0,0,0,0,0,0,0,0,0,0,0,0,0,0,0,0,0,0,0,0,0,0,0,0,0,0,0,0,0,0,0,0,0,0,0,0,0,0,0,0
Atlético de Madrid,Centrocampista,55,Sergio Camello,1,0,"0,0%",0,"0,0%",0,"0,0%",0,"0,0%",0,0,0,0,0,0,0,0,0,0,0,0,0,0,0,0,0,0,0,0,0,0,0,0,0,0,0,0,0,0,0,0,0,0,0,0,0,0,0,0,0,0,0,0,0,0,0,0,0
Atlético de Madrid,Centrocampista,57,Gustavo Assunção,0,0,"0,0%",0,"0,0%",0,"0,0%",0,"0,0%",0,0,0,0,0,0,0,0,0,0,0,0,0,0,0,0,0,0,0,0,0,0,0,0,0,0,0,0,0,0,0,0,0,0,0,0,0,0,0,0,0,0,0,0,0,0,0,0,0
Atlético de Madrid,Delantero,7,Griezmann,84,1,"97,0%",1,"81,0%",1,"97,0%",0,"16,0%",0,0,0,0,0,0,1,0,0,3,1,1,0,0,2,3,1,2,0,1,1,0,0,0,0,2,1,0,0,1,0,0,0,0,3,0,0,0,1,2,1,8,5,3,37,34,2,1,0
Atlético de Madrid,Delantero,9,Kalinić,19,1,"1,0%",0,"0,0%",0,"1,0%",1,"1,0%",0,0,0,0,0,0,0,0,0,0,0,0,0,0,1,1,1,1,0,0,0,0,0,0,0,0,0,0,0,0,0,0,0,0,0,0,0,0,0,0,0,2,1,1,3,3,0,0,0
Atlético de Madrid,Delantero,10,Correa,51,1,"95,0%",0,"14,0%",1,"51,0%",1,"81,0%",0,0,0,0,0,0,1,0,0,3,1,1,1,0,4,5,0,1,0,1,1,0,0,0,0,1,0,0,2,1,0,0,0,0,0,0,0,0,1,0,1,9,8,1,19,18,1,0,0
Atlético de Madrid,Delantero,11,Lemar,48,1,"81,0%",0,"14,0%",1,"57,0%",1,"68,0%",0,0,0,0,0,0,0,0,1,3,0,1,0,0,3,3,0,1,0,1,1,0,0,0,0,1,0,0,1,1,0,0,0,0,0,0,0,0,1,1,1,7,6,1,25,23,1,0,0
Atlético de Madrid,Delantero,19,Diego Costa,36,1,"1,0%",0,"1,0%",1,"1,0%",0,"1,0%",0,0,0,0,0,0,0,0,0,1,0,0,0,0,1,2,1,2,0,1,1,0,0,0,0,0,0,0,0,0,0,0,0,0,0,0,0,0,0,0,0,6,3,3,10,9,0,0,0
Atlético de Madrid,Delantero,22,Morata,29,0,"1,0%",0,"0,0%",0,"1,0%",0,"1,0%",0,0,0,0,0,0,0,0,0,1,0,0,0,0,2,2,2,1,0,1,1,0,0,0,0,1,0,0,1,0,0,0,0,0,0,0,0,0,0,0,1,6,3,3,7,7,0,0,0
Atlético de Madrid,Delantero,23,Vitolo,20,1,"51,0%",0,"3,0%",0,"14,0%",1,"49,0%",0,0,0,0,0,0,0,0,0,1,0,0,0,0,2,2,0,1,0,1,0,0,0,0,0,0,0,0,1,1,0,0,0,0,0,0,0,0,0,0,0,4,4,1,8,8,0,0,0
CD Leganés,Portero,1,Cuéllar,85,1,"2,0%",1,"2,0%",1,"2,0%",0,"0,0%",0,0,0,0,0,0,1,0,0,9,1,0,0,0,0,0,0,0,0,0,0,0,0,0,0,0,0,0,0,0,0,0,0,0,0,0,0,0,0,0,0,1,0,0,27,4,23,0,0
CD Leganés,Portero,13,Andrés,0,0,"0,0%",0,"0,0%",0,"0,0%",0,"0,0%",0,0,0,0,0,0,0,0,0,0,0,0,0,0,0,0,0,0,0,0,0,0,0,0,0,0,0,0,0,0,0,0,0,0,0,0,0,0,0,0,0,0,0,0,0,0,0,0,0
CD Leganés,Portero,29,Andriy Lunin,10,0,"11,0%",0,"8,0%",0,"8,0%",0,"3,0%",0,0,0,0,0,0,0,0,0,1,0,0,0,0,0,0,0,0,0,0,0,0,0,0,0,0,0,0,0,0,0,0,0,0,0,0,0,0,0,0,0,0,0,0,3,1,2,0,0
CD Leganés,Portero,31,David Tejero,0,0,"0,0%",0,"0,0%",0,"0,0%",0,"0,0%",0,0,0,0,0,0,0,0,0,0,0,0,0,0,0,0,0,0,0,0,0,0,0,0,0,0,0,0,0,0,0,0,0,0,0,0,0,0,0,0,0,0,0,0,0,0,0,0,0
CD Leganés,Defensa,2,Juanfran,38,1,"59,0%",0,"27,0%",0,"43,0%",0,"32,0%",0,0,0,0,0,0,1,0,1,2,1,0,0,0,1,1,1,1,0,1,0,0,0,0,0,0,0,0,0,0,0,0,0,0,0,0,0,0,2,0,1,3,2,1,12,10,2,0,0
CD Leganés,Defensa,3,Bustinza M.,55,1,"2,0%",1,"1,0%",1,"2,0%",0,"1,0%",0,0,0,0,0,0,1,0,1,3,3,1,0,0,2,1,2,1,0,1,1,0,0,0,0,0,0,0,0,0,0,0,0,0,0,0,0,0,1,0,1,6,3,3,23,18,6,0,0
CD Leganés,Defensa,4,Diego Reyes,8,0,"14,0%",0,"3,0%",0,"8,0%",0,"11,0%",0,0,0,0,0,0,0,0,0,1,0,0,0,0,0,0,0,0,0,0,0,0,0,0,0,0,0,0,0,0,0,0,0,0,0,0,0,0,0,0,0,1,0,0,4,4,1,0,0
CD Leganés,Defensa,5,J. Silva,73,1,"2,0%",1,"2,0%",1,"2,0%",0,"0,0%",0,0,0,0,0,0,1,0,1,4,2,1,0,0,2,3,1,1,0,1,1,0,0,0,0,1,0,0,0,0,0,0,0,0,0,0,0,0,4,1,1,6,5,1,24,20,4,0,0
CD Leganés,Defensa,12,Nyom,48,1,"2,0%",0,"1,0%",1,"2,0%",0,"1,0%",0,0,0,0,0,0,1,0,1,3,1,1,0,0,2,2,1,1,0,1,1,0,0,0,1,0,0,0,0,0,0,0,0,0,0,0,0,0,2,0,1,4,3,1,14,12,1,0,0
CD Leganés,Defensa,14,Kravets,13,0,"14,0%",0,"8,0%",0,"14,0%",0,"5,0%",0,0,0,0,0,0,0,0,0,1,0,0,0,0,1,1,0,0,0,0,0,0,0,0,0,0,0,0,0,0,0,0,0,0,0,0,0,0,1,0,0,2,1,0,4,4,1,0,0
CD Leganés,Defensa,15,R. Tarín,38,1,"46,0%",0,"32,0%",0,"38,0%",0,"14,0%",0,0,0,0,0,0,0,0,1,2,2,0,0,0,1,1,1,1,0,0,0,0,0,0,0,0,0,0,0,0,0,0,0,0,0,0,0,0,0,0,1,3,1,1,12,10,3,0,0
CD Leganés,Defensa,19,Muñoz,6,0,"5,0%",0,"3,0%",0,"5,0%",0,"3,0%",0,0,0,0,0,0,0,0,0,0,0,0,0,0,0,0,0,0,0,0,0,0,0,0,0,0,0,0,0,0,0,0,0,0,0,0,0,0,0,0,0,0,0,0,3,2,1,0,0
CD Leganés,Defensa,22,Siovas,80,1,"2,0%",1,"2,0%",1,"2,0%",0,"0,0%",0,0,0,0,0,0,1,0,2,6,4,1,1,0,2,2,3,1,0,0,1,0,0,0,0,1,0,0,0,0,0,0,0,0,0,0,0,0,0,0,2,8,4,4,37,28,9,0,0
CD Leganés,Defensa,24,K. Omeruo,64,1,"73,0%",1,"68,0%",1,"70,0%",0,"5,0%",0,0,0,0,0,0,1,0,1,4,4,1,1,0,2,1,1,1,0,0,0,0,0,0,0,0,0,0,0,0,0,0,0,0,0,0,0,0,0,0,1,5,3,2,25,20,6,0,0
CD Leganés,Centrocampista,,Óscar,66,1,"81,0%",0,"41,0%",1,"76,0%",0,"41,0%",0,0,0,0,0,0,1,0,0,4,0,1,1,0,3,4,1,1,0,1,1,0,0,0,0,1,1,0,1,1,0,0,0,0,0,0,0,0,2,2,1,9,7,2,25,22,3,0,0
CD Leganés,Centrocampista,6,Gumbau,35,1,"1,0%",0,"1,0%",0,"1,0%",0,"0,0%",0,0,0,0,0,0,1,0,0,2,0,1,0,0,1,2,0,1,0,0,1,0,0,0,1,0,0,0,0,0,0,0,0,0,1,0,0,0,1,0,1,4,3,1,12,10,2,0,0
CD Leganés,Centrocampista,8,Recio,35,1,"1,0%",0,"1,0%",0,"1,0%",0,"1,0%",0,0,0,0,0,0,0,0,0,3,0,1,0,0,2,2,1,0,0,1,1,0,0,0,1,0,0,0,0,0,0,0,0,0,0,0,0,0,0,0,1,5,4,1,18,16,1,0,0
CD Leganés,Centrocampista,10,El Zhar,26,1,"2,0%",0,"0,0%",0,"1,0%",1,"2,0%",0,0,0,0,0,0,0,0,0,1,0,0,0,0,1,2,0,1,0,0,1,0,0,0,0,1,0,0,1,1,0,0,0,0,1,0,0,0,1,0,0,4,3,1,7,6,1,0,0
CD Leganés,Centrocampista,11,Szymanowski,0,0,"0,0%",0,"0,0%",0,"0,0%",0,"0,0%",0,0,0,0,0,0,0,0,0,0,0,0,0,0,0,0,0,0,0,0,0,0,0,0,0,0,0,0,0,0,0,0,0,0,0,0,0,0,0,0,0,0,0,0,0,0,0,0,0
CD Leganés,Centrocampista,17,Eraso,19,0,"1,0%",0,"0,0%",0,"1,0%",0,"1,0%",0,0,0,0,0,0,0,0,0,1,0,0,0,0,1,1,0,0,0,0,1,0,0,0,0,0,0,0,0,0,0,0,0,0,0,0,0,0,0,0,0,2,2,1,6,6,0,0,0
CD Leganés,Centrocampista,21,Rubén Pérez J.,65,1,"81,0%",1,"65,0%",1,"70,0%",0,"16,0%",0,0,0,0,0,0,1,0,1,6,1,1,1,0,3,2,1,1,0,1,1,0,0,0,0,0,0,0,0,0,0,0,0,0,0,0,0,0,0,0,2,8,6,2,35,29,6,0,0
CD Leganés,Centrocampista,23,Vesga,55,1,"68,0%",0,"38,0%",1,"59,0%",0,"30,0%",0,0,0,0,0,0,1,0,1,4,1,1,1,0,2,4,1,1,0,1,1,0,0,0,0,0,0,0,1,0,0,0,0,0,0,0,0,0,1,0,1,8,6,2,21,19,2,0,0
CD Leganés,Centrocampista,33,Javier Avilés,0,0,"0,0%",0,"0,0%",0,"0,0%",0,"0,0%",0,0,0,0,0,0,0,0,0,0,0,0,0,0,0,0,0,0,0,0,0,0,0,0,0,0,0,0,0,0,0,0,0,0,0,0,0,0,0,0,0,0,0,0,0,0,0,0,0
CD Leganés,Delantero,,Youssef En-Nesyri,55,1,"81,0%",0,"35,0%",1,"59,0%",1,"46,0%",0,0,0,0,0,0,1,0,0,2,1,0,0,0,2,4,4,3,0,1,1,0,0,0,0,2,1,0,1,1,0,0,0,0,0,0,0,0,1,0,0,12,6,7,12,12,1,0,0
CD Leganés,Delantero,9,Carrillo,53,1,"84,0%",0,"30,0%",1,"59,0%",1,"54,0%",0,0,0,0,0,0,1,0,0,2,1,0,0,0,2,2,6,4,0,1,1,0,0,0,0,1,1,0,0,0,0,0,0,0,1,0,0,0,0,0,1,13,3,10,17,16,1,0,0
CD Leganés,Delantero,16,Jose Arnáiz,3,0,"1,0%",0,"0,0%",0,"0,0%",0,"1,0%",0,0,0,0,0,0,0,0,0,0,0,0,0,0,0,0,0,0,0,0,0,0,0,0,0,0,0,0,0,0,0,0,0,0,0,0,0,0,0,0,0,1,1,0,1,1,0,0,0
CD Leganés,Delantero,18,Sabin Merino,9,0,"1,0%",0,"0,0%",0,"0,0%",0,"1,0%",0,0,0,0,0,0,0,0,0,0,0,0,0,0,0,0,1,1,0,0,0,0,0,0,0,0,0,0,0,0,0,0,0,0,0,0,0,0,0,0,0,2,1,1,3,3,0,0,0
CD Leganés,Delantero,20,Santos,16,1,"1,0%",0,"0,0%",0,"0,0%",1,"1,0%",0,0,0,0,0,0,0,0,0,1,0,0,0,0,1,1,0,1,1,0,1,0,0,0,0,0,0,0,0,0,0,0,0,0,0,0,0,0,0,0,0,3,2,1,3,3,0,0,0
CD Leganés,Delantero,25,Braithwaite,37,1,"49,0%",0,"19,0%",0,"41,0%",0,"30,0%",0,0,0,0,0,0,1,0,0,1,0,0,0,0,1,2,1,1,0,0,1,0,0,0,0,1,0,0,0,0,0,0,0,0,0,0,0,0,0,0,0,5,3,2,6,6,0,0,0
D. Alavés,Portero,1,Pacheco,85,1,"2,0%",1,"2,0%",1,"2,0%",0,"0,0%",0,0,0,0,0,0,1,0,0,7,1,0,0,0,0,0,0,0,0,0,0,0,0,0,0,0,0,0,0,0,0,0,0,0,0,0,0,0,0,0,0,0,0,0,26,5,21,0,0
D. Alavés,Portero,13,Sivera,7,0,"5,0%",0,"5,0%",0,"5,0%",0,"0,0%",0,0,0,0,0,0,0,0,0,1,0,0,0,0,0,0,0,0,0,0,0,0,0,0,0,0,0,0,0,0,0,0,0,0,0,0,0,0,0,0,0,0,0,0,2,0,2,0,0
D. Alavés,Portero,31,Álex Domínguez,0,0,"0,0%",0,"0,0%",0,"0,0%",0,"0,0%",0,0,0,0,0,0,0,0,0,0,0,0,0,0,0,0,0,0,0,0,0,0,0,0,0,0,0,0,0,0,0,0,0,0,0,0,0,0,0,0,0,0,0,0,0,0,0,0,0
D. Alavés,Defensa,2,Vigaray,17,0,"19,0%",0,"14,0%",0,"16,0%",0,"5,0%",0,0,0,0,0,0,0,0,0,1,1,0,0,0,1,1,0,0,0,0,0,0,0,0,0,0,0,0,0,0,0,0,0,0,0,0,0,0,0,0,0,2,1,1,4,3,1,0,0
D. Alavés,Defensa,3,R. Duarte,75,1,"2,0%",1,"2,0%",1,"2,0%",0,"0,0%",0,0,0,0,0,0,1,0,2,4,3,1,1,0,4,2,1,1,0,2,1,0,0,0,0,1,0,0,0,0,0,0,0,0,0,0,0,0,2,0,2,8,6,3,25,18,7,0,0
D. Alavés,Defensa,4,Ely,13,0,"0,0%",0,"0,0%",0,"0,0%",0,"0,0%",0,0,0,0,0,0,0,0,0,1,1,0,0,0,0,0,1,0,0,0,0,0,0,0,0,0,0,0,0,0,0,0,0,0,0,0,0,0,0,0,0,2,1,1,5,3,1,0,0
D. Alavés,Defensa,5,Laguardia,85,1,"95,0%",1,"95,0%",1,"95,0%",0,"0,0%",0,0,0,0,0,0,1,1,1,4,6,1,0,0,2,1,2,2,0,0,1,0,0,0,0,0,0,0,0,0,0,0,0,0,0,0,0,0,0,0,1,7,3,4,33,24,10,0,0
D. Alavés,Defensa,6,Maripán,61,1,"2,0%",1,"2,0%",1,"2,0%",0,"0,0%",0,0,0,0,0,0,1,1,1,3,4,1,1,0,2,1,3,1,0,0,1,0,0,0,0,0,0,0,0,0,0,0,0,0,0,0,0,0,0,0,1,7,3,4,22,16,6,0,0
D. Alavés,Defensa,15,Ximo Navarro,67,1,"81,0%",1,"68,0%",1,"73,0%",0,"14,0%",0,0,0,0,0,0,1,0,1,4,3,1,1,0,3,1,1,1,0,1,1,0,0,0,0,0,0,0,0,0,0,0,0,0,0,0,0,0,1,0,2,7,4,2,22,18,4,0,0
D. Alavés,Defensa,17,Adrián Marín,8,0,"14,0%",0,"3,0%",0,"3,0%",0,"11,0%",0,0,0,0,0,0,0,0,0,0,0,0,0,0,0,0,0,0,0,0,0,0,0,0,0,0,0,0,0,0,0,0,0,0,0,0,0,0,0,0,0,1,1,0,2,2,0,0,0
D. Alavés,Defensa,21,Martín,55,1,"2,0%",1,"1,0%",1,"2,0%",0,"1,0%",0,0,0,0,0,0,1,0,1,3,2,1,0,0,3,2,1,1,0,1,1,0,0,0,0,0,0,0,1,0,0,0,0,0,0,0,0,0,1,0,1,6,4,1,20,16,3,0,0
D. Alavés,Centrocampista,,Álex Blanco,0,0,"3,0%",0,"0,0%",0,"0,0%",0,"3,0%",0,0,0,0,0,0,0,0,0,0,0,0,0,0,0,0,0,0,0,0,0,0,0,0,0,0,0,0,0,0,0,0,0,0,0,0,0,0,0,0,0,0,0,0,0,0,0,0,0
D. Alavés,Centrocampista,8,T. Pina,62,1,"73,0%",1,"59,0%",1,"70,0%",0,"14,0%",0,0,0,0,0,0,1,0,1,6,1,1,1,0,3,3,2,1,0,1,2,0,0,0,1,0,0,0,0,0,0,0,0,0,0,0,0,0,0,0,2,9,6,3,28,26,2,0,0
D. Alavés,Centrocampista,11,Inui,35,1,"2,0%",0,"0,0%",0,"1,0%",1,"1,0%",0,0,0,0,0,0,0,0,0,2,0,0,0,0,2,2,0,0,0,1,0,0,0,0,0,1,0,0,1,0,0,0,0,0,0,0,0,0,1,0,0,4,3,0,10,9,1,0,0
D. Alavés,Centrocampista,19,Manu,61,1,"89,0%",1,"54,0%",1,"65,0%",0,"35,0%",0,0,0,0,0,0,1,0,1,5,2,1,1,0,4,4,3,2,0,1,2,0,0,0,1,1,0,0,0,0,0,0,0,0,0,0,0,0,0,0,2,12,8,5,25,22,2,0,0
D. Alavés,Centrocampista,20,Darko,43,1,"2,0%",0,"1,0%",1,"1,0%",0,"1,0%",0,0,0,0,0,0,1,0,0,3,1,0,0,0,2,2,1,1,0,0,1,0,0,0,0,0,0,0,0,0,0,0,0,0,0,0,0,0,0,0,1,5,3,2,17,16,1,0,0
D. Alavés,Centrocampista,22,M. Wakaso,44,1,"76,0%",0,"30,0%",1,"46,0%",0,"46,0%",0,0,0,0,0,0,1,0,0,4,0,1,0,0,3,2,1,1,0,1,1,0,0,0,0,1,0,0,1,0,0,0,0,0,0,0,0,0,1,0,1,6,5,2,17,14,3,0,0
D. Alavés,Centrocampista,23,Jony,79,1,"95,0%",0,"46,0%",1,"89,0%",1,"49,0%",0,0,0,0,0,0,1,0,1,5,0,0,0,0,3,5,0,1,0,1,1,0,0,0,0,1,1,0,2,2,0,0,0,0,0,0,0,0,6,3,1,9,8,1,21,17,4,0,0
D. Alavés,Centrocampista,32,Paulino De la Fuente,0,0,"0,0%",0,"0,0%",0,"0,0%",0,"0,0%",0,0,0,0,0,0,0,0,0,0,0,0,0,0,0,0,0,0,0,0,0,0,0,0,0,0,0,0,0,0,0,0,0,0,0,0,0,0,0,0,0,0,0,0,0,0,0,0,0
D. Alavés,Centrocampista,34,Andrei Lupu,0,0,"0,0%",0,"0,0%",0,"0,0%",0,"0,0%",0,0,0,0,0,0,0,0,0,0,0,0,0,0,0,0,0,0,0,0,0,0,0,0,0,0,0,0,0,0,0,0,0,0,0,0,0,0,0,0,0,0,0,0,0,0,0,0,0
D. Alavés,Delantero,9,Rolan,13,0,"38,0%",0,"0,0%",0,"11,0%",0,"38,0%",0,0,0,0,0,0,0,0,0,1,0,0,0,0,1,1,0,0,0,0,0,0,0,0,0,0,0,0,0,0,0,0,0,0,0,0,0,0,0,0,0,3,2,1,4,4,0,0,0
D. Alavés,Delantero,10,Guidetti,16,1,"57,0%",0,"3,0%",0,"16,0%",1,"54,0%",0,0,0,0,0,0,0,0,0,0,0,0,0,0,0,1,0,1,0,0,0,0,0,0,0,0,0,0,0,0,0,0,0,0,0,0,0,0,0,0,0,2,1,1,4,4,0,0,0
D. Alavés,Delantero,12,Calleri,76,1,"89,0%",1,"62,0%",1,"86,0%",0,"27,0%",0,0,0,0,0,0,1,0,0,2,1,0,0,0,3,5,5,6,0,2,2,0,0,0,0,2,1,0,1,1,0,0,0,0,2,0,0,0,1,0,1,20,8,12,18,17,1,0,0
D. Alavés,Delantero,14,Burgui,20,1,"2,0%",0,"0,0%",0,"1,0%",1,"2,0%",0,0,0,0,0,0,1,0,0,1,0,0,0,0,1,1,0,0,0,1,0,0,0,0,0,0,0,0,0,0,0,0,0,0,0,0,0,0,0,0,0,2,2,0,7,7,1,0,0
D. Alavés,Delantero,18,Borja,39,1,"2,0%",0,"0,0%",1,"1,0%",1,"2,0%",0,0,0,0,0,0,1,0,0,1,0,0,0,0,1,2,1,3,0,0,1,0,0,0,0,1,0,0,0,0,0,0,0,0,0,0,0,0,0,0,0,7,3,4,9,8,0,0,0
D. Alavés,Delantero,24,Twumasi,4,0,"27,0%",0,"0,0%",0,"0,0%",0,"27,0%",0,0,0,0,0,0,0,0,0,0,0,0,0,0,0,0,0,0,0,0,0,0,0,0,0,0,0,0,0,0,0,0,0,0,0,0,0,0,0,0,0,1,1,0,1,1,0,0,0
FC Barcelona,Portero,1,Ter Stegen,90,1,"3,0%",1,"3,0%",1,"3,0%",0,"0,0%",0,0,0,0,0,0,1,0,0,8,0,0,0,0,0,0,0,0,0,0,0,0,0,0,0,0,0,0,0,0,0,0,0,0,0,0,0,0,0,0,0,0,0,0,25,16,9,0,0
FC Barcelona,Portero,13,Cillessen,7,0,"5,0%",0,"5,0%",0,"5,0%",0,"0,0%",0,0,0,0,0,0,0,0,0,1,0,0,0,0,0,0,0,0,0,0,0,0,0,0,0,0,0,0,0,0,0,0,0,0,0,0,0,0,0,0,0,0,0,0,3,2,1,0,0
FC Barcelona,Portero,30,Iñaki Peña,0,0,"0,0%",0,"0,0%",0,"0,0%",0,"0,0%",0,0,0,0,0,0,0,0,0,0,0,0,0,0,0,0,0,0,0,0,0,0,0,0,0,0,0,0,0,0,0,0,0,0,0,0,0,0,0,0,0,0,0,0,0,0,0,0,0
FC Barcelona,Defensa,,Jeison Murillo,6,0,"0,0%",0,"0,0%",0,"0,0%",0,"0,0%",0,0,0,0,0,0,0,0,0,0,0,0,0,0,0,0,0,0,0,0,0,0,0,0,0,0,0,0,0,0,0,0,0,0,0,0,0,0,0,0,0,1,0,0,4,3,1,0,0
FC Barcelona,Defensa,2,N. Semedo,42,1,"68,0%",0,"35,0%",1,"51,0%",0,"32,0%",0,0,0,0,0,0,0,0,1,3,1,1,0,0,2,2,1,0,0,1,1,0,0,0,0,0,0,0,1,0,0,0,0,0,0,0,0,0,0,0,1,5,4,1,28,27,1,0,0
FC Barcelona,Defensa,3,Piqué,83,1,"92,0%",1,"92,0%",1,"92,0%",0,"0,0%",0,0,0,0,0,0,1,1,1,7,4,1,0,0,2,1,3,1,0,1,1,0,0,0,0,0,0,0,0,0,0,0,0,0,0,0,0,0,0,0,1,7,3,4,63,57,6,0,0
FC Barcelona,Defensa,6,Todibo,4,0,"0,0%",0,"0,0%",0,"0,0%",0,"0,0%",0,0,0,0,0,0,0,0,0,0,0,0,0,0,0,0,0,0,0,0,0,0,0,0,0,0,0,0,0,0,0,0,0,0,0,0,0,0,0,0,0,1,1,0,3,3,0,0,0
FC Barcelona,Defensa,15,Clement Lenglet,51,1,"59,0%",1,"49,0%",1,"57,0%",0,"11,0%",0,0,0,0,0,0,1,1,1,3,2,1,1,0,2,1,1,1,0,0,1,0,0,0,0,0,0,0,0,0,0,0,0,0,0,0,0,0,0,0,1,5,3,2,30,27,3,0,0
FC Barcelona,Defensa,18,Jordi Alba,79,1,"95,0%",1,"84,0%",1,"84,0%",0,"11,0%",0,0,0,0,0,0,1,0,2,6,2,1,1,0,2,2,1,1,0,1,1,0,0,0,0,0,0,0,0,0,0,0,0,0,0,0,0,0,1,0,1,6,4,1,62,58,4,0,0
FC Barcelona,Defensa,20,S. Roberto,55,1,"76,0%",1,"49,0%",1,"59,0%",0,"27,0%",0,0,0,0,0,0,1,0,1,3,1,1,0,0,2,2,1,1,0,1,1,0,0,0,0,0,0,0,0,0,0,0,0,0,0,0,0,0,1,0,1,5,4,2,43,41,1,0,0
FC Barcelona,Defensa,23,Umtiti,32,0,"1,0%",0,"1,0%",0,"1,0%",0,"0,0%",0,0,0,0,0,0,0,0,1,2,1,0,0,0,1,1,0,0,0,0,0,0,0,0,0,0,0,0,0,0,0,0,0,0,0,0,0,0,0,0,0,2,1,1,24,23,1,0,0
FC Barcelona,Defensa,24,Vermaelen,16,0,"1,0%",0,"0,0%",0,"1,0%",0,"0,0%",0,0,0,0,0,0,0,0,0,1,1,0,0,0,0,0,0,0,0,0,0,0,0,0,0,0,0,0,0,0,0,0,0,0,0,0,0,0,0,0,0,1,1,1,10,10,1,0,0
FC Barcelona,Defensa,33,Juan Miranda,0,0,"0,0%",0,"0,0%",0,"0,0%",0,"0,0%",0,0,0,0,0,0,0,0,0,0,0,0,0,0,0,0,0,0,0,0,0,0,0,0,0,0,0,0,0,0,0,0,0,0,0,0,0,0,0,0,0,0,0,0,0,0,0,0,0
FC Barcelona,Defensa,38,Guillem Jaime,0,0,"0,0%",0,"0,0%",0,"0,0%",0,"0,0%",0,0,0,0,0,0,0,0,0,0,0,0,0,0,0,0,0,0,0,0,0,0,0,0,0,0,0,0,0,0,0,0,0,0,0,0,0,0,0,0,0,0,0,0,0,0,0,0,0
FC Barcelona,Centrocampista,4,I. Rakitić,70,1,"89,0%",1,"62,0%",1,"76,0%",0,"27,0%",0,0,0,0,0,0,1,0,1,6,1,1,0,0,3,2,1,1,0,1,1,0,0,0,0,1,0,0,1,0,0,0,0,0,0,0,0,0,1,0,1,6,5,2,67,61,5,0,0
FC Barcelona,Centrocampista,5,Sergio,72,1,"92,0%",1,"54,0%",1,"78,0%",0,"38,0%",0,0,0,0,0,0,1,0,1,5,1,2,1,0,4,3,1,1,0,1,1,0,0,0,0,0,0,0,0,0,0,0,0,0,0,0,0,0,0,0,2,10,7,3,63,58,5,0,0
FC Barcelona,Centrocampista,7,Coutinho,55,1,"2,0%",0,"1,0%",1,"2,0%",1,"2,0%",0,0,0,0,0,0,1,0,0,2,0,0,0,0,3,3,0,1,0,1,1,0,0,0,0,1,1,0,1,1,0,0,0,0,0,0,0,0,0,2,0,7,6,1,38,36,1,0,0
FC Barcelona,Centrocampista,8,Arthur,40,1,"2,0%",0,"0,0%",1,"1,0%",1,"2,0%",0,0,0,0,0,0,0,0,0,3,0,0,0,0,2,1,0,0,0,1,0,0,0,0,0,0,0,0,0,0,0,0,0,0,0,0,0,0,0,0,0,3,3,0,36,34,2,0,0
FC Barcelona,Centrocampista,12,Rafinha,17,0,"1,0%",0,"0,0%",0,"1,0%",0,"1,0%",0,0,0,0,0,0,0,0,0,1,0,1,0,0,1,1,0,0,0,1,1,0,0,0,0,0,0,0,0,0,0,0,0,0,0,0,0,0,0,0,1,3,2,1,11,11,1,0,0
FC Barcelona,Centrocampista,21,Aleñá,17,0,"43,0%",0,"3,0%",0,"16,0%",0,"41,0%",0,0,0,0,0,0,0,0,0,1,0,0,0,0,1,1,0,0,0,0,0,0,0,0,0,0,0,0,0,0,0,0,0,0,0,0,0,0,0,0,0,2,2,0,15,14,1,0,0
FC Barcelona,Centrocampista,22,Vidal,51,1,"86,0%",0,"27,0%",1,"57,0%",1,"59,0%",0,0,0,0,0,0,1,0,1,3,1,1,1,0,3,3,1,1,0,1,2,0,0,0,0,1,0,0,0,0,0,0,0,0,0,0,0,0,0,0,2,8,6,2,39,37,2,0,0
FC Barcelona,Delantero,9,Suárez,81,1,"2,0%",1,"2,0%",1,"2,0%",0,"1,0%",0,0,0,1,0,0,1,0,0,2,1,0,0,0,3,4,1,0,1,2,1,0,0,0,0,3,2,0,1,2,0,0,0,1,4,0,0,0,1,0,1,8,7,1,27,25,2,0,0
FC Barcelona,Delantero,10,Messi,71,1,"89,0%",1,"73,0%",1,"76,0%",0,"16,0%",0,0,0,1,0,0,1,0,0,2,0,0,0,0,6,5,0,0,0,2,1,0,0,0,0,4,2,0,4,2,0,0,1,0,4,0,0,0,1,2,0,11,11,0,48,42,4,2,0
FC Barcelona,Delantero,11,O. Dembélé,46,1,"2,0%",0,"0,0%",1,"2,0%",1,"2,0%",0,0,0,0,0,0,0,0,0,2,0,0,0,0,3,3,0,0,0,1,1,0,0,0,0,1,1,0,2,1,0,0,0,0,0,0,0,0,2,2,1,7,6,1,25,24,1,0,0
FC Barcelona,Delantero,14,Malcom,16,0,"38,0%",0,"8,0%",0,"14,0%",0,"30,0%",0,0,0,0,0,0,0,0,0,1,0,0,0,0,1,0,0,0,0,0,0,0,0,0,0,0,0,0,0,0,0,0,0,0,0,0,0,0,0,0,0,1,1,0,8,8,0,0,0
FC Barcelona,Delantero,19,Kevin-Prince Boateng,7,0,"0,0%",0,"0,0%",0,"0,0%",0,"0,0%",0,0,0,0,0,0,0,0,0,0,0,0,0,0,0,0,0,0,0,0,0,0,0,0,0,0,0,0,0,0,0,0,0,0,0,0,0,0,0,0,0,1,1,0,2,2,0,0,0
Getafe CF,Portero,1,Chichizola,3,0,"0,0%",0,"0,0%",0,"0,0%",0,"0,0%",0,0,0,0,0,0,0,0,0,0,0,0,0,0,0,0,0,0,0,0,0,0,0,0,0,0,0,0,0,0,0,0,0,0,0,0,0,0,0,0,0,0,0,0,1,0,1,0,0
Getafe CF,Portero,13,David Soria,88,1,"97,0%",1,"97,0%",1,"97,0%",0,"0,0%",0,0,0,0,0,0,1,0,0,10,1,0,0,0,0,0,0,0,0,0,0,0,0,0,0,0,0,0,0,0,0,0,0,0,0,0,0,0,0,0,0,0,0,0,27,1,26,0,0
Getafe CF,Portero,25,R. Yáñez,0,0,"0,0%",0,"0,0%",0,"0,0%",0,"0,0%",0,0,0,0,0,0,0,0,0,0,0,0,0,0,0,0,0,0,0,0,0,0,0,0,0,0,0,0,0,0,0,0,0,0,0,0,0,0,0,0,0,0,0,0,0,0,0,0,0
Getafe CF,Defensa,2,Djené,81,1,"2,0%",1,"2,0%",1,"2,0%",0,"1,0%",0,0,0,0,0,0,1,0,2,7,4,1,1,0,3,2,2,2,0,1,1,0,0,0,1,0,0,0,0,0,0,0,0,0,0,0,0,0,0,0,2,9,5,5,26,20,7,0,0
Getafe CF,Defensa,3,Antunes,68,1,"2,0%",1,"2,0%",1,"2,0%",0,"1,0%",0,0,0,0,0,0,1,0,1,5,2,1,1,0,3,2,1,1,0,1,1,0,0,0,0,1,0,0,1,0,0,0,0,0,0,0,0,0,3,1,1,7,5,2,25,17,8,0,0
Getafe CF,Defensa,4,Bruno,45,1,"59,0%",0,"43,0%",1,"46,0%",0,"16,0%",0,0,0,0,0,0,0,0,1,2,3,0,0,0,1,1,1,1,0,0,1,0,0,0,0,0,0,0,0,0,0,0,0,0,0,0,0,0,0,0,1,4,2,3,13,10,3,0,0
Getafe CF,Defensa,6,Cabrera,74,1,"84,0%",1,"78,0%",1,"81,0%",0,"5,0%",0,0,0,0,0,0,1,0,1,4,6,1,1,0,2,1,4,2,0,0,1,0,0,0,1,1,0,0,0,0,0,0,0,0,0,0,0,0,1,0,1,9,3,6,25,15,10,0,0
Getafe CF,Defensa,17,Olivera,27,0,"1,0%",0,"1,0%",0,"1,0%",0,"1,0%",0,0,0,0,0,0,0,0,0,2,1,1,0,0,2,1,1,1,0,1,0,0,0,0,0,0,0,0,0,0,0,0,0,0,0,0,0,0,1,0,1,5,3,3,9,8,1,0,0
Getafe CF,Defensa,21,Miquel,9,0,"1,0%",0,"0,0%",0,"0,0%",0,"0,0%",0,0,0,0,0,0,0,0,0,1,1,0,0,0,0,0,0,0,0,0,0,0,0,0,0,0,0,0,0,0,0,0,0,0,0,0,0,0,0,0,0,1,0,0,3,2,1,0,0
Getafe CF,Defensa,22,Damián Suárez,85,1,"95,0%",1,"95,0%",1,"95,0%",0,"0,0%",0,0,0,0,0,0,1,0,1,7,1,2,1,0,5,4,1,1,0,1,2,0,0,0,1,0,0,0,1,1,0,0,0,0,0,0,0,0,3,2,3,11,9,2,35,26,9,0,0
Getafe CF,Defensa,24,Foulquier,48,1,"65,0%",0,"27,0%",1,"59,0%",0,"38,0%",0,0,0,0,0,0,1,0,1,3,1,0,0,0,2,3,1,2,0,1,1,0,0,0,0,0,0,0,1,1,0,0,0,0,0,0,0,0,1,0,1,8,5,2,11,9,1,0,0
Getafe CF,Defensa,29,Miguel Ángel Rubio,0,0,"0,0%",0,"0,0%",0,"0,0%",0,"0,0%",0,0,0,0,0,0,0,0,0,0,0,0,0,0,0,0,0,0,0,0,0,0,0,0,0,0,0,0,0,0,0,0,0,0,0,0,0,0,0,0,0,0,0,0,0,0,0,0,0
Getafe CF,Centrocampista,5,M. Bergara,6,0,"1,0%",0,"0,0%",0,"0,0%",0,"1,0%",0,0,0,0,0,0,0,0,0,1,0,0,0,0,0,0,0,0,0,0,0,0,0,0,0,0,0,0,0,0,0,0,0,0,0,0,0,0,0,0,0,1,1,1,2,2,0,0,0
Getafe CF,Centrocampista,8,Portillo,52,1,"84,0%",0,"27,0%",1,"49,0%",1,"57,0%",0,0,0,0,0,0,1,0,0,4,0,0,0,0,3,3,0,1,0,1,1,0,0,0,0,0,0,0,1,1,0,0,0,0,0,0,0,0,1,0,1,7,6,1,20,18,1,0,0
Getafe CF,Centrocampista,10,Gaku,10,0,"16,0%",0,"5,0%",0,"14,0%",0,"11,0%",0,0,0,0,0,0,0,0,0,1,0,0,0,0,0,1,0,0,0,0,0,0,0,0,0,0,0,0,0,0,0,0,0,0,0,0,0,0,0,0,0,1,1,0,3,3,0,0,0
Getafe CF,Centrocampista,11,Samu Sáiz,8,0,"24,0%",0,"0,0%",0,"5,0%",0,"24,0%",0,0,0,0,0,0,0,0,0,1,0,0,0,0,1,0,0,0,0,0,0,0,0,0,0,0,0,0,0,0,0,0,0,0,0,0,0,0,0,0,0,1,1,0,4,3,0,0,0
Getafe CF,Centrocampista,15,S. Cristóforo,12,0,"1,0%",0,"0,0%",0,"0,0%",0,"1,0%",0,0,0,0,0,0,0,0,0,1,0,0,0,0,1,1,0,1,0,1,0,0,0,0,0,0,0,0,0,0,0,0,0,0,0,0,0,0,0,0,0,3,2,1,4,3,1,0,0
Getafe CF,Centrocampista,16,Mathieu Flamini,13,0,"1,0%",0,"0,0%",0,"0,0%",0,"1,0%",0,0,0,0,0,0,0,0,0,1,0,0,0,0,0,1,0,0,0,0,0,0,0,0,0,0,0,0,0,0,0,0,0,0,0,0,0,0,0,0,0,2,1,1,4,4,0,0,0
Getafe CF,Centrocampista,18,Arambarri,71,1,"86,0%",1,"51,0%",1,"84,0%",0,"35,0%",0,0,0,0,0,0,1,0,1,4,1,1,1,0,4,4,2,1,0,2,2,0,0,0,1,1,0,0,1,0,0,0,0,0,0,0,0,0,1,0,2,11,8,3,19,14,5,0,0
Getafe CF,Centrocampista,20,Maksimovic,85,1,"95,0%",1,"89,0%",1,"95,0%",0,"5,0%",0,0,0,0,0,0,1,0,2,4,1,1,1,0,3,2,2,2,0,0,1,0,0,0,0,1,0,0,0,0,0,0,0,0,0,0,0,0,0,0,2,9,5,4,20,18,2,0,0
Getafe CF,Centrocampista,27,Hugo Duro,11,0,"27,0%",0,"3,0%",0,"11,0%",0,"24,0%",0,0,0,0,0,0,0,0,0,1,0,0,0,0,1,1,0,0,0,0,0,0,0,0,0,0,0,0,0,0,0,0,0,0,0,0,0,0,0,0,0,2,1,1,2,2,0,0,0
Getafe CF,Delantero,7,Mata,64,1,"89,0%",0,"43,0%",1,"70,0%",1,"46,0%",0,0,0,0,0,0,1,0,0,3,1,1,0,0,2,4,3,3,1,1,2,0,0,0,1,1,1,0,0,1,0,0,0,0,4,0,0,0,1,0,1,12,6,6,17,16,1,0,0
Getafe CF,Delantero,9,Ángel ,48,1,"97,0%",0,"8,0%",1,"54,0%",1,"89,0%",0,0,0,0,0,0,0,0,0,2,0,0,0,0,2,3,1,2,1,1,1,0,0,0,0,1,1,0,0,0,0,0,0,0,0,0,0,0,1,0,0,7,4,3,8,8,1,0,0
Getafe CF,Delantero,19,Jorge Molina,70,1,"100,0%",0,"41,0%",1,"73,0%",1,"59,0%",0,0,0,0,0,0,1,0,0,3,1,0,0,0,2,4,2,4,1,1,1,0,0,0,0,1,1,0,1,1,0,0,0,0,2,0,0,0,0,0,0,13,6,7,19,18,1,0,0
Girona FC,Portero,,J. Suárez,0,0,"0,0%",0,"0,0%",0,"0,0%",0,"0,0%",0,0,0,0,0,0,0,0,0,0,0,0,0,0,0,0,0,0,0,0,0,0,0,0,0,0,0,0,0,0,0,0,0,0,0,0,0,0,0,0,0,0,0,0,0,0,0,0,0
Girona FC,Portero,1,Iraizoz,15,0,"16,0%",0,"14,0%",0,"14,0%",0,"3,0%",0,0,0,0,0,0,0,0,0,2,0,0,0,0,0,0,0,0,0,0,0,0,0,0,0,0,0,0,0,0,0,0,0,0,0,0,0,0,0,0,0,0,0,0,5,2,3,0,0
Girona FC,Portero,13,Bono,77,1,"2,0%",1,"2,0%",1,"2,0%",0,"0,0%",0,0,0,0,0,0,1,0,0,7,0,0,0,0,0,0,0,0,0,0,0,0,0,0,0,0,0,0,0,0,0,0,0,0,0,0,0,0,0,0,0,0,0,0,23,8,15,0,0
Girona FC,Defensa,2,Bernardo,72,1,"81,0%",1,"76,0%",1,"81,0%",0,"5,0%",0,0,0,0,0,0,1,1,1,3,5,0,0,0,1,1,3,2,0,0,1,0,0,0,0,0,0,0,0,0,0,0,0,0,0,0,0,0,0,0,1,7,2,5,37,32,5,0,0
Girona FC,Defensa,3,Johan Mojica,1,0,"0,0%",0,"0,0%",0,"0,0%",0,"0,0%",0,0,0,0,0,0,0,0,0,0,0,0,0,0,0,0,0,0,0,0,0,0,0,0,0,0,0,0,0,0,0,0,0,0,0,0,0,0,0,0,0,0,0,0,0,0,0,0,0
Girona FC,Defensa,4,Ramalho,48,1,"2,0%",0,"1,0%",1,"1,0%",0,"1,0%",0,0,0,0,0,0,1,0,1,2,2,0,0,0,1,1,1,1,0,0,0,0,0,0,0,0,0,0,0,0,0,0,0,0,0,0,0,0,1,0,0,3,2,2,21,18,3,0,0
Girona FC,Defensa,5,Alcalá,49,1,"65,0%",1,"46,0%",1,"51,0%",0,"19,0%",0,0,0,0,0,0,1,1,1,3,3,1,0,0,1,1,2,1,0,0,1,0,0,0,0,0,0,0,0,0,0,0,0,0,0,0,0,0,0,0,1,6,2,4,23,19,4,0,0
Girona FC,Defensa,11,Aday Benítez,17,0,"24,0%",0,"11,0%",0,"22,0%",0,"14,0%",0,0,0,0,0,0,0,0,0,1,0,0,0,0,1,0,0,0,0,0,0,0,0,0,0,0,0,0,0,0,0,0,0,0,0,0,0,0,1,0,0,1,1,0,6,5,1,0,0
Girona FC,Defensa,14,Raúl C.,36,0,"1,0%",0,"1,0%",0,"1,0%",0,"0,0%",0,0,0,0,0,0,1,0,1,2,2,1,0,0,2,1,1,1,0,0,0,0,0,0,0,0,0,0,0,0,0,0,0,0,0,0,0,0,2,0,1,4,3,1,13,10,2,0,0
Girona FC,Defensa,15,Juanpe,75,1,"2,0%",1,"2,0%",1,"2,0%",0,"0,0%",0,0,0,0,0,0,1,0,2,4,4,1,1,0,2,2,3,2,0,0,1,0,0,0,0,1,0,0,0,0,0,0,0,0,0,0,0,0,0,0,1,8,3,5,42,35,7,0,0
Girona FC,Defensa,20,Muniesa,37,1,"49,0%",0,"32,0%",0,"38,0%",0,"16,0%",0,0,0,0,0,0,1,0,1,2,1,1,0,0,2,1,1,1,0,1,1,0,0,0,0,0,0,0,0,0,0,0,0,0,0,0,0,0,0,0,1,5,3,2,20,17,3,0,0
Girona FC,Defensa,21,Planas,11,0,"16,0%",0,"5,0%",0,"8,0%",0,"11,0%",0,0,0,0,0,0,0,0,0,1,0,0,0,0,0,0,0,0,0,0,0,0,0,0,0,0,0,0,0,0,0,0,0,0,0,0,0,0,0,0,0,1,1,0,5,4,1,0,0
Girona FC,Defensa,28,Èric Montes,0,0,"0,0%",0,"0,0%",0,"0,0%",0,"0,0%",0,0,0,0,0,0,0,0,0,0,0,0,0,0,0,0,0,0,0,0,0,0,0,0,0,0,0,0,0,0,0,0,0,0,0,0,0,0,0,0,0,0,0,0,0,0,0,0,0
Girona FC,Centrocampista,,Kevin Soni,2,0,"11,0%",0,"0,0%",0,"0,0%",0,"11,0%",0,0,0,0,0,0,0,0,0,0,0,0,0,0,0,0,0,0,0,0,0,0,0,0,0,0,0,0,0,0,0,0,0,0,0,0,0,0,0,0,0,1,1,0,1,1,0,0,0
Girona FC,Centrocampista,,Paik,2,0,"0,0%",0,"0,0%",0,"0,0%",0,"0,0%",0,0,0,0,0,0,0,0,0,0,0,0,0,0,0,0,0,0,0,0,0,0,0,0,0,0,0,0,0,0,0,0,0,0,0,0,0,0,0,0,0,0,0,0,1,1,0,0,0
Girona FC,Centrocampista,,Yhoan Andzouana,0,0,"0,0%",0,"0,0%",0,"0,0%",0,"0,0%",0,0,0,0,0,0,0,0,0,0,0,0,0,0,0,0,0,0,0,0,0,0,0,0,0,0,0,0,0,0,0,0,0,0,0,0,0,0,0,0,0,0,0,0,0,0,0,0,0
Girona FC,Centrocampista,6,Granell,63,1,"84,0%",1,"51,0%",1,"68,0%",0,"32,0%",0,0,0,0,0,0,1,0,1,4,1,1,1,0,3,3,1,1,0,1,1,0,0,0,0,1,0,0,1,0,0,0,0,0,0,0,0,0,3,2,2,8,7,2,34,28,6,0,0
Girona FC,Centrocampista,8,Pere Pons,74,1,"89,0%",1,"65,0%",1,"84,0%",0,"24,0%",0,0,0,0,0,0,1,0,1,5,1,1,1,0,4,5,1,2,0,1,2,0,0,0,0,0,0,0,1,1,0,0,0,0,0,0,0,0,0,0,2,12,9,3,31,29,2,0,0
Girona FC,Centrocampista,10,Borja García,73,1,"2,0%",1,"1,0%",1,"2,0%",0,"1,0%",0,0,0,0,0,0,1,0,1,6,0,1,0,0,5,3,1,1,0,3,1,0,0,0,0,1,0,0,1,1,0,0,0,0,0,0,0,0,1,0,1,10,8,2,36,31,4,1,0
Girona FC,Centrocampista,12,Douglas Luiz,40,1,"2,0%",0,"1,0%",0,"1,0%",0,"1,0%",0,0,0,0,0,0,1,0,1,4,1,1,0,0,2,2,1,1,0,1,1,0,0,0,1,0,0,0,1,0,0,0,0,0,0,0,0,0,0,0,1,6,5,1,20,17,3,0,0
Girona FC,Centrocampista,17,Roberts,16,1,"49,0%",0,"0,0%",0,"16,0%",1,"49,0%",0,0,0,0,0,0,0,0,0,1,0,0,0,0,1,1,0,0,0,0,0,0,0,0,0,0,0,0,1,1,0,0,0,0,0,0,0,0,0,0,0,3,3,0,5,4,0,0,0
Girona FC,Centrocampista,23,Aleix García,46,1,"2,0%",0,"1,0%",1,"2,0%",1,"2,0%",0,0,0,0,0,0,1,0,1,3,0,1,1,0,2,2,1,1,0,1,0,0,0,0,0,0,0,0,0,0,0,0,0,0,0,0,0,0,1,1,1,5,4,1,30,26,3,0,0
Girona FC,Centrocampista,24,Pedro Porro,60,1,"2,0%",0,"1,0%",1,"2,0%",0,"1,0%",0,0,0,0,0,0,1,0,1,5,1,1,1,0,3,3,1,1,0,1,1,0,0,0,0,1,0,0,1,1,0,0,0,0,0,0,0,0,3,0,1,8,6,2,23,20,4,0,0
Girona FC,Centrocampista,34,Valery Fernández,23,0,"43,0%",0,"11,0%",0,"24,0%",0,"32,0%",0,0,0,0,0,0,1,0,0,1,0,0,0,0,1,1,0,0,0,0,0,0,0,0,0,0,0,0,1,0,0,0,0,0,0,0,0,0,1,0,1,3,2,1,7,7,1,0,0
Girona FC,Centrocampista,37,Álex Pachón,0,0,"0,0%",0,"0,0%",0,"0,0%",0,"0,0%",0,0,0,0,0,0,0,0,0,0,0,0,0,0,0,0,0,0,0,0,0,0,0,0,0,0,0,0,0,0,0,0,0,0,0,0,0,0,0,0,0,0,0,0,0,0,0,0,0
Girona FC,Delantero,7,Stuani,74,1,"2,0%",1,"2,0%",1,"2,0%",0,"1,0%",0,0,0,1,0,0,1,0,0,2,1,0,0,0,3,4,3,3,1,2,2,0,0,0,1,2,1,0,0,0,0,0,0,0,5,0,0,0,0,0,1,13,7,7,14,13,0,0,0
Girona FC,Delantero,9,Portu,75,1,"89,0%",1,"51,0%",1,"86,0%",0,"38,0%",0,0,0,0,0,0,1,0,0,3,0,1,0,0,3,4,1,2,0,1,1,0,0,0,0,1,1,0,1,1,0,0,0,0,1,0,0,0,2,0,1,10,7,3,16,16,1,0,0
Girona FC,Delantero,19,Lozano,19,1,"51,0%",0,"0,0%",0,"16,0%",1,"51,0%",0,0,0,0,0,0,0,0,0,1,0,0,0,0,1,2,1,1,0,0,1,0,0,0,0,1,0,0,0,0,0,0,0,0,0,0,0,0,0,0,0,4,2,2,5,4,0,0,0
Girona FC,Delantero,22,Doumbia,14,0,"43,0%",0,"3,0%",0,"14,0%",0,"41,0%",0,0,0,0,0,0,0,0,0,0,0,0,0,0,1,1,0,1,0,0,0,0,0,0,0,0,0,0,0,0,0,0,0,0,0,0,0,0,0,0,0,3,1,1,2,2,0,0,0
Levante UD,Portero,1,Koke,2,0,"0,0%",0,"0,0%",0,"0,0%",0,"0,0%",0,0,0,0,0,0,0,0,0,0,0,0,0,0,0,0,0,0,0,0,0,0,0,0,0,0,0,0,0,0,0,0,0,0,0,0,0,0,0,0,0,0,0,0,1,0,0,0,0
Levante UD,Portero,13,Oier,90,1,"3,0%",1,"3,0%",1,"3,0%",0,"0,0%",0,0,0,0,0,0,2,0,0,9,1,0,0,0,0,0,0,0,0,0,0,0,0,0,0,0,0,0,0,0,0,0,0,0,0,0,0,0,0,0,0,0,0,0,23,6,17,0,0
Levante UD,Portero,25,Aitor Fdez.,39,0,"1,0%",0,"1,0%",0,"1,0%",0,"0,0%",0,0,0,0,0,0,1,0,0,4,0,0,0,0,0,0,0,0,0,0,0,0,0,0,0,0,0,0,0,0,0,0,0,0,0,0,0,0,0,0,0,0,0,0,10,3,8,0,0
Levante UD,Defensa,,Jordi,0,0,"0,0%",0,"0,0%",0,"0,0%",0,"0,0%",0,0,0,0,0,0,0,0,0,0,0,0,0,0,0,0,0,0,0,0,0,0,0,0,0,0,0,0,0,0,0,0,0,0,0,0,0,0,0,0,0,0,0,0,0,0,0,0,0
Levante UD,Defensa,3,Toño,48,1,"2,0%",1,"1,0%",1,"2,0%",0,"0,0%",0,0,0,0,0,0,1,0,0,3,1,0,0,0,2,2,0,0,0,1,0,0,0,0,0,0,0,0,1,1,0,0,0,0,0,0,0,0,1,0,1,4,4,1,17,15,2,0,0
Levante UD,Defensa,4,Rober Pier,77,1,"2,0%",1,"2,0%",1,"2,0%",0,"0,0%",0,0,0,0,0,0,2,1,1,5,3,1,0,0,2,1,2,2,0,0,1,0,0,0,0,0,0,0,0,0,0,0,0,0,0,0,0,0,0,0,1,7,3,4,30,25,5,0,0
Levante UD,Defensa,6,Chema R.,33,1,"49,0%",0,"22,0%",0,"32,0%",0,"27,0%",0,0,0,0,0,0,1,0,1,1,2,1,0,0,1,1,1,1,0,0,1,0,0,0,0,0,0,0,0,0,0,0,0,0,0,0,0,0,0,0,1,3,2,1,10,7,2,0,0
Levante UD,Defensa,12,Coke,49,1,"2,0%",0,"1,0%",1,"1,0%",0,"1,0%",0,0,0,0,0,0,1,0,1,3,1,1,1,0,2,2,1,1,0,1,1,0,0,0,0,0,0,0,0,1,0,0,0,0,0,0,0,0,1,0,1,6,5,2,20,17,3,0,0
Levante UD,Defensa,14,Rubén Vezo,40,1,"49,0%",0,"41,0%",0,"43,0%",0,"8,0%",0,0,0,0,0,0,1,1,1,2,3,1,0,0,1,1,1,1,0,0,1,0,0,0,0,0,0,0,0,0,0,0,0,0,0,0,0,0,0,0,1,4,2,2,15,13,3,0,0
Levante UD,Defensa,15,Postigo,39,1,"2,0%",0,"1,0%",1,"1,0%",0,"1,0%",0,0,0,0,0,0,1,0,1,2,2,0,0,0,1,1,1,1,0,0,0,0,0,0,0,0,0,0,0,0,0,0,0,0,0,0,0,0,0,0,1,3,1,1,13,10,3,0,0
Levante UD,Defensa,18,E. Cabaco,43,1,"54,0%",0,"30,0%",1,"51,0%",0,"24,0%",0,0,0,0,0,0,1,0,1,2,2,0,0,0,1,1,1,1,0,0,1,0,0,0,1,0,0,0,0,0,0,0,0,0,0,0,0,0,0,0,1,4,2,2,18,14,4,0,0
Levante UD,Defensa,19,Pedro López,12,0,"19,0%",0,"5,0%",0,"8,0%",0,"14,0%",0,0,0,0,0,0,0,0,0,1,0,0,0,0,1,1,0,0,0,0,0,0,0,0,0,0,0,0,0,0,0,0,0,0,0,0,0,0,0,0,0,1,1,0,5,4,1,0,0
Levante UD,Defensa,22,Antonio Luna,33,0,"41,0%",0,"30,0%",0,"35,0%",0,"11,0%",0,0,0,0,0,0,1,0,0,3,1,0,0,0,1,1,0,0,0,0,0,0,0,0,0,0,0,0,0,0,0,0,0,0,0,0,0,0,1,0,0,3,2,1,13,11,2,0,0
Levante UD,Centrocampista,5,Doukouré C.,13,0,"1,0%",0,"0,0%",0,"0,0%",0,"1,0%",0,0,0,0,0,0,0,0,0,1,0,0,0,0,1,1,0,0,0,0,1,0,0,0,0,0,0,0,0,0,0,0,0,0,0,0,0,0,0,0,1,3,2,1,4,4,0,0,0
Levante UD,Centrocampista,10,Bardhi,75,1,"95,0%",1,"59,0%",1,"81,0%",0,"35,0%",0,0,0,0,0,0,1,0,1,5,1,1,1,0,4,5,0,1,0,1,2,0,0,0,0,1,1,0,1,1,0,0,0,0,0,0,0,0,1,1,2,10,9,1,29,26,3,0,0
Levante UD,Centrocampista,11,J. Morales,84,1,"97,0%",1,"86,0%",1,"95,0%",0,"11,0%",0,0,0,0,0,0,2,0,0,3,0,0,0,0,4,6,0,1,1,1,1,0,0,0,0,1,1,0,2,2,0,0,0,0,3,0,0,0,2,0,1,11,10,2,18,17,2,0,0
Levante UD,Centrocampista,16,Rochina,48,1,"70,0%",0,"11,0%",1,"59,0%",1,"59,0%",0,0,0,0,0,0,1,0,1,3,0,1,1,0,4,5,1,1,0,1,1,0,0,0,1,1,0,0,2,1,0,0,0,0,0,0,0,0,1,1,1,11,9,1,25,20,5,0,0
Levante UD,Centrocampista,17,Vukčević,18,0,"1,0%",0,"0,0%",0,"1,0%",0,"1,0%",0,0,0,0,0,0,0,0,0,1,0,1,0,0,1,1,1,0,0,0,1,0,0,0,0,0,0,0,0,0,0,0,0,0,0,0,0,0,0,0,1,3,2,1,7,6,1,0,0
Levante UD,Centrocampista,23,Jason,63,1,"2,0%",1,"1,0%",1,"2,0%",0,"1,0%",0,0,0,0,0,0,1,0,1,4,1,1,1,0,3,4,1,1,0,1,1,0,0,0,0,1,0,0,1,1,0,0,0,0,0,0,0,0,2,0,1,9,8,2,18,16,2,0,0
Levante UD,Centrocampista,24,J. Campaña,85,1,"95,0%",1,"86,0%",1,"95,0%",0,"8,0%",0,0,0,0,0,0,2,0,1,7,1,1,1,0,4,4,1,1,0,1,1,0,0,0,1,0,0,0,1,1,0,0,0,0,0,0,0,0,1,3,2,10,8,2,49,45,4,0,0
Levante UD,Centrocampista,27,Fran Manzanara,4,0,"8,0%",0,"3,0%",0,"3,0%",0,"5,0%",0,0,0,0,0,0,0,0,0,0,0,0,0,0,0,0,0,0,0,0,0,0,0,0,0,0,0,0,0,0,0,0,0,0,0,0,0,0,0,0,0,1,0,0,2,2,0,0,0
Levante UD,Centrocampista,31,Arturo Molina,0,0,"0,0%",0,"0,0%",0,"0,0%",0,"0,0%",0,0,0,0,0,0,0,0,0,0,0,0,0,0,0,0,0,0,0,0,0,0,0,0,0,0,0,0,0,0,0,0,0,0,0,0,0,0,0,0,0,0,0,0,0,0,0,0,0
Levante UD,Delantero,2,B. Mayoral,44,1,"2,0%",0,"1,0%",0,"1,0%",1,"1,0%",0,0,0,0,0,0,1,0,0,2,0,0,0,0,2,2,1,1,0,1,0,0,0,0,0,1,0,0,1,1,0,0,0,0,0,0,0,0,0,0,0,6,4,2,11,10,1,0,0
Levante UD,Delantero,7,Moses,21,1,"49,0%",0,"8,0%",0,"22,0%",0,"41,0%",0,0,0,0,0,0,0,0,0,1,0,0,0,0,1,1,0,0,0,0,0,0,0,0,0,0,0,0,1,0,0,0,0,0,0,0,0,0,1,0,0,3,2,0,6,5,1,0,0
Levante UD,Delantero,9,Roger,50,1,"81,0%",0,"22,0%",1,"59,0%",1,"59,0%",0,0,0,0,0,0,1,0,0,1,0,0,0,0,1,2,1,2,0,1,1,0,0,0,0,2,1,0,0,0,0,0,0,0,2,0,0,0,0,0,0,6,4,2,9,8,1,0,0
Levante UD,Delantero,20,Dwamena,6,0,"30,0%",0,"0,0%",0,"0,0%",0,"30,0%",0,0,0,0,0,0,0,0,0,0,0,0,0,0,0,0,0,0,0,0,0,0,0,0,0,0,0,0,0,0,0,0,0,0,0,0,0,0,0,0,0,1,1,1,1,1,0,0,0
R. Valladolid CF,Portero,1,Masip,85,1,"2,0%",1,"2,0%",1,"2,0%",0,"0,0%",0,0,0,0,0,0,1,0,0,9,0,0,0,0,0,0,0,0,0,0,0,0,0,0,0,0,0,0,0,0,0,0,0,0,0,0,0,0,0,0,0,0,0,0,27,4,22,0,0
R. Valladolid CF,Portero,13,Yoel,7,0,"5,0%",0,"5,0%",0,"5,0%",0,"0,0%",0,0,0,0,0,0,0,0,0,1,0,0,0,0,0,0,0,0,0,0,0,0,0,0,0,0,0,0,0,0,0,0,0,0,0,0,0,0,0,0,0,0,0,0,2,0,2,0,0
R. Valladolid CF,Defensa,2,Joaquín,22,0,"32,0%",0,"19,0%",0,"22,0%",0,"14,0%",0,0,0,0,0,0,0,0,0,1,1,0,0,0,1,0,1,1,0,0,0,0,0,0,0,0,0,0,0,0,0,0,0,0,0,0,0,0,0,0,0,3,1,2,8,7,1,0,0
R. Valladolid CF,Defensa,3,Moisés,7,0,"5,0%",0,"5,0%",0,"5,0%",0,"0,0%",0,0,0,0,0,0,0,0,0,0,0,0,0,0,0,0,0,0,0,0,0,0,0,0,0,0,0,0,0,0,0,0,0,0,0,0,0,0,0,0,0,1,1,0,2,2,0,0,0
R. Valladolid CF,Defensa,4,K. Olivas,82,1,"92,0%",1,"86,0%",1,"92,0%",0,"5,0%",0,0,0,0,0,0,1,1,1,5,4,1,0,0,3,1,2,2,0,1,0,0,0,0,0,0,0,0,1,0,0,0,0,0,0,0,0,0,0,0,1,7,4,3,36,32,4,0,0
R. Valladolid CF,Defensa,5,Calero,82,1,"95,0%",1,"92,0%",1,"95,0%",0,"3,0%",0,0,0,0,0,0,1,1,1,4,4,1,1,0,2,1,2,2,0,0,1,0,0,0,0,0,0,0,0,0,0,0,0,0,0,0,0,0,0,0,1,8,3,4,38,32,6,0,0
R. Valladolid CF,Defensa,17,Moyano,57,1,"2,0%",0,"1,0%",1,"2,0%",0,"1,0%",0,0,0,0,0,0,1,0,1,3,2,1,0,0,1,1,1,1,0,1,0,0,0,0,0,0,0,0,0,0,0,0,0,0,0,0,0,0,1,0,1,4,2,2,19,16,4,0,0
R. Valladolid CF,Defensa,18,Antoñito,49,1,"78,0%",0,"41,0%",1,"46,0%",0,"38,0%",0,0,0,0,0,0,1,0,1,2,1,1,0,0,2,2,0,1,0,0,1,0,0,0,0,0,0,0,1,1,0,0,0,0,0,0,0,0,2,0,1,5,4,1,17,15,2,0,0
R. Valladolid CF,Defensa,22,Nacho,85,1,"2,0%",1,"2,0%",1,"2,0%",0,"0,0%",0,0,0,0,0,0,1,0,1,5,2,2,1,0,4,2,1,1,0,1,1,0,0,0,0,0,0,0,0,0,0,0,0,0,0,0,0,0,4,0,3,8,6,2,37,29,8,0,0
R. Valladolid CF,Defensa,28,Salisu,0,0,"0,0%",0,"0,0%",0,"0,0%",0,"0,0%",0,0,0,0,0,0,0,0,0,0,0,0,0,0,0,0,0,0,0,0,0,0,0,0,0,0,0,0,0,0,0,0,0,0,0,0,0,0,0,0,0,0,0,0,0,0,0,0,0
R. Valladolid CF,Defensa,34,Roberto Corral,0,0,"0,0%",0,"0,0%",0,"0,0%",0,"0,0%",0,0,0,0,0,0,0,0,0,0,0,0,0,0,0,0,0,0,0,0,0,0,0,0,0,0,0,0,0,0,0,0,0,0,0,0,0,0,0,0,0,0,0,0,0,0,0,0,0
R. Valladolid CF,Defensa,38,Javier Aparicio,0,0,"0,0%",0,"0,0%",0,"0,0%",0,"0,0%",0,0,0,0,0,0,0,0,0,0,0,0,0,0,0,0,0,0,0,0,0,0,0,0,0,0,0,0,0,0,0,0,0,0,0,0,0,0,0,0,0,0,0,0,0,0,0,0,0
R. Valladolid CF,Centrocampista,,Hervías,14,0,"1,0%",0,"0,0%",0,"1,0%",0,"1,0%",0,0,0,0,0,0,0,0,0,1,0,0,0,0,1,1,0,0,0,0,0,0,0,0,0,0,0,0,0,0,0,0,0,0,0,0,0,0,1,1,0,2,1,0,4,4,0,0,0
R. Valladolid CF,Centrocampista,6,Luismi,0,0,"0,0%",0,"0,0%",0,"0,0%",0,"0,0%",0,0,0,0,0,0,0,0,0,0,0,0,0,0,0,0,0,0,0,0,0,0,0,0,0,0,0,0,0,0,0,0,0,0,0,0,0,0,0,0,0,0,0,0,0,0,0,0,0
R. Valladolid CF,Centrocampista,7,Waldo,13,0,"1,0%",0,"0,0%",0,"0,0%",0,"1,0%",0,0,0,0,0,0,0,0,0,1,0,0,0,0,0,1,0,0,0,0,0,0,0,0,0,0,0,0,0,0,0,0,0,0,0,0,0,0,0,0,0,1,1,0,4,3,0,0,0
R. Valladolid CF,Centrocampista,8,Borja,22,1,"49,0%",0,"14,0%",0,"24,0%",0,"35,0%",0,0,0,0,0,0,0,0,0,1,1,0,0,0,1,1,1,1,0,0,0,0,0,0,0,0,0,0,0,0,0,0,0,0,0,0,0,0,0,0,0,3,1,2,10,8,2,0,0
R. Valladolid CF,Centrocampista,10,Óscar Plano,73,1,"2,0%",1,"2,0%",1,"2,0%",0,"1,0%",0,0,0,0,0,0,1,0,1,4,1,1,1,0,4,4,1,2,0,2,2,0,0,0,1,1,0,0,1,0,0,0,0,0,0,0,0,0,1,1,2,11,8,3,21,19,2,0,0
R. Valladolid CF,Centrocampista,11,Verde,17,1,"57,0%",0,"3,0%",0,"8,0%",1,"54,0%",0,0,0,0,0,0,0,0,0,1,0,0,0,0,1,1,0,0,0,0,0,0,0,0,0,1,0,0,0,0,0,0,0,0,1,0,0,0,1,1,0,2,2,0,6,6,1,0,0
R. Valladolid CF,Centrocampista,14,Rubén Alcaraz,78,1,"89,0%",1,"84,0%",1,"89,0%",0,"5,0%",0,0,0,0,0,0,1,0,1,7,1,1,1,0,6,4,1,2,0,3,2,0,0,0,1,1,0,0,1,0,0,0,0,0,0,0,0,0,1,0,3,14,10,3,45,37,8,0,0
R. Valladolid CF,Centrocampista,19,Toni,47,1,"68,0%",0,"11,0%",1,"54,0%",1,"57,0%",0,0,0,0,0,0,1,0,0,3,0,1,1,0,4,4,0,1,0,1,1,0,0,0,0,1,0,0,1,1,0,0,0,0,0,0,0,0,1,0,1,8,8,1,15,14,1,0,0
R. Valladolid CF,Centrocampista,21,Míchel,67,1,"92,0%",1,"54,0%",1,"73,0%",0,"38,0%",0,0,0,0,0,0,1,0,1,6,1,1,1,0,3,3,1,1,0,1,1,0,0,0,1,1,0,0,1,0,0,0,0,0,0,0,0,0,2,3,2,8,6,2,42,36,6,0,0
R. Valladolid CF,Centrocampista,23,Anuar,34,1,"2,0%",0,"1,0%",0,"1,0%",0,"1,0%",0,0,0,0,0,0,0,0,0,2,1,1,0,0,2,2,1,1,0,1,1,0,0,0,0,0,0,0,0,0,0,0,0,0,0,0,0,0,0,0,1,5,3,2,12,11,1,0,0
R. Valladolid CF,Centrocampista,24,Keko Gontán,41,1,"68,0%",0,"8,0%",1,"51,0%",1,"59,0%",0,0,0,0,0,0,1,0,0,2,0,1,1,0,2,3,0,1,0,1,1,0,0,0,0,1,0,0,1,1,0,0,0,0,0,0,0,0,3,0,1,6,5,1,11,10,1,0,0
R. Valladolid CF,Centrocampista,27,Miguel De la Fuente,0,0,"0,0%",0,"0,0%",0,"0,0%",0,"0,0%",0,0,0,0,0,0,0,0,0,0,0,0,0,0,0,0,0,0,0,0,0,0,0,0,0,0,0,0,0,0,0,0,0,0,0,0,0,0,0,0,0,0,0,0,0,0,0,0,0
R. Valladolid CF,Centrocampista,31,Pablo Muñoz,0,0,"0,0%",0,"0,0%",0,"0,0%",0,"0,0%",0,0,0,0,0,0,0,0,0,0,0,0,0,0,0,0,0,0,0,0,0,0,0,0,0,0,0,0,0,0,0,0,0,0,0,0,0,0,0,0,0,0,0,0,0,0,0,0,0
R. Valladolid CF,Centrocampista,37,Hacen,0,0,"0,0%",0,"0,0%",0,"0,0%",0,"0,0%",0,0,0,0,0,0,0,0,0,0,0,0,0,0,0,0,0,0,0,0,0,0,0,0,0,0,0,0,0,0,0,0,0,0,0,0,0,0,0,0,0,0,0,0,0,0,0,0,0
R. Valladolid CF,Delantero,9,Enes Ünal,57,1,"86,0%",0,"30,0%",1,"65,0%",1,"57,0%",0,0,0,0,0,0,1,0,0,2,1,0,0,0,2,3,3,4,0,1,1,0,0,0,0,1,0,0,1,1,0,0,0,0,3,0,0,0,0,0,0,11,5,7,14,13,1,0,0
R. Valladolid CF,Delantero,12,Sergi Guardiola,42,1,"1,0%",0,"1,0%",1,"1,0%",0,"0,0%",0,0,0,0,0,0,1,0,0,1,1,0,0,0,2,3,1,2,0,1,1,0,0,0,0,1,0,0,1,1,0,0,0,0,0,0,0,0,1,0,1,8,5,4,10,9,1,0,0
R. Valladolid CF,Delantero,20,Duje Cop,18,1,"46,0%",0,"5,0%",0,"14,0%",0,"41,0%",0,0,0,0,0,0,0,0,0,0,0,0,0,0,0,1,0,1,0,0,0,0,0,0,0,0,0,0,0,0,0,0,0,0,0,0,0,0,0,0,0,2,1,1,4,4,0,0,0
R. Valladolid CF,Delantero,42,Stiven ,1,0,"0,0%",0,"0,0%",0,"0,0%",0,"0,0%",0,0,0,0,0,0,0,0,0,0,0,0,0,0,0,0,0,0,0,0,0,0,0,0,0,0,0,0,0,0,0,0,0,0,0,0,0,0,0,0,0,0,0,0,0,0,0,0,0
Rayo Vallecano,Portero,1,Alberto G.,43,1,"1,0%",1,"1,0%",1,"1,0%",0,"0,0%",0,0,0,0,0,0,1,0,0,4,0,0,0,0,0,0,0,0,0,0,0,0,0,0,0,0,0,0,0,0,0,0,0,0,0,0,0,0,0,0,0,0,0,0,13,5,8,0,0
Rayo Vallecano,Portero,13,Dimitrievski,50,1,"54,0%",1,"54,0%",1,"54,0%",0,"0,0%",0,0,0,0,0,0,1,0,0,5,0,0,0,0,0,0,0,0,0,0,0,0,0,0,0,0,0,0,0,0,0,0,0,0,0,0,0,0,0,0,0,0,0,0,14,4,9,0,0
Rayo Vallecano,Portero,30,Miguel Ángel Morro,0,0,"0,0%",0,"0,0%",0,"0,0%",0,"0,0%",0,0,0,0,0,0,0,0,0,0,0,0,0,0,0,0,0,0,0,0,0,0,0,0,0,0,0,0,0,0,0,0,0,0,0,0,0,0,0,0,0,0,0,0,0,0,0,0,0
Rayo Vallecano,Defensa,,Alejandro Catena,5,0,"3,0%",0,"0,0%",0,"3,0%",0,"3,0%",0,0,0,0,0,0,0,0,0,0,0,0,0,0,0,0,0,0,0,0,0,0,0,0,0,0,0,0,0,0,0,0,0,0,0,0,0,0,0,0,0,1,0,0,3,2,0,0,0
Rayo Vallecano,Defensa,,Sergio Akieme,5,0,"3,0%",0,"3,0%",0,"3,0%",0,"0,0%",0,0,0,0,0,0,0,0,0,0,0,0,0,0,0,0,0,0,0,0,0,0,0,0,0,0,0,0,0,0,0,0,0,0,0,0,0,0,0,0,0,1,0,0,2,2,0,0,0
Rayo Vallecano,Defensa,2,Tito L. V.,30,0,"1,0%",0,"1,0%",0,"1,0%",0,"0,0%",0,0,0,0,0,0,1,0,1,1,1,0,0,0,1,1,1,1,0,0,0,0,0,0,0,0,0,0,0,0,0,0,0,0,0,0,0,0,0,0,0,3,2,1,13,12,2,0,0
Rayo Vallecano,Defensa,7,Álex Moreno,85,1,"3,0%",1,"2,0%",1,"3,0%",0,"0,0%",0,0,0,0,0,0,2,0,1,6,2,1,1,0,4,4,1,1,0,1,1,0,0,0,0,0,0,0,2,1,0,0,0,0,0,0,0,0,3,0,2,11,9,2,30,26,3,0,0
Rayo Vallecano,Defensa,16,Amat,81,1,"2,0%",1,"2,0%",1,"2,0%",0,"0,0%",0,0,0,0,0,0,2,0,1,4,4,1,1,0,3,2,1,1,0,0,1,0,0,0,1,0,0,0,1,0,0,0,0,0,0,0,0,0,0,0,2,8,5,3,38,32,6,0,0
Rayo Vallecano,Defensa,17,Advíncula,63,1,"73,0%",1,"62,0%",1,"70,0%",0,"11,0%",0,0,0,0,0,0,1,0,1,3,1,1,0,0,4,3,1,1,0,1,1,0,0,0,0,0,0,0,1,0,0,0,0,0,0,0,0,0,1,0,1,8,6,2,25,22,3,0,0
Rayo Vallecano,Defensa,20,E. Velázquez,34,1,"46,0%",0,"30,0%",0,"35,0%",0,"16,0%",0,0,0,0,0,0,1,0,1,2,3,1,0,0,2,1,1,1,0,0,1,0,0,0,1,0,0,0,0,0,0,0,0,0,0,0,0,0,0,0,1,5,3,2,13,10,3,0,0
Rayo Vallecano,Defensa,21,A. Ba,57,1,"2,0%",1,"2,0%",1,"2,0%",0,"0,0%",0,0,0,0,0,0,1,1,1,4,4,1,0,0,2,1,2,1,0,0,1,0,0,0,0,0,0,0,0,0,0,0,0,0,0,0,0,0,0,0,1,5,3,3,28,23,6,0,0
Rayo Vallecano,Defensa,23,Gálvez,39,1,"1,0%",0,"1,0%",1,"1,0%",0,"1,0%",0,0,0,0,0,0,1,0,1,3,2,1,0,0,1,1,1,1,0,0,1,0,0,0,0,0,0,0,0,0,0,0,0,0,0,0,0,0,0,0,1,4,3,2,19,16,3,0,0
Rayo Vallecano,Defensa,31,Martín Pascual,0,0,"0,0%",0,"0,0%",0,"0,0%",0,"0,0%",0,0,0,0,0,0,0,0,0,0,0,0,0,0,0,0,0,0,0,0,0,0,0,0,0,0,0,0,0,0,0,0,0,0,0,0,0,0,0,0,0,0,0,0,0,0,0,0,0
Rayo Vallecano,Defensa,33,Luis Meseguer,0,0,"0,0%",0,"0,0%",0,"0,0%",0,"0,0%",0,0,0,0,0,0,0,0,0,0,0,0,0,0,0,0,0,0,0,0,0,0,0,0,0,0,0,0,0,0,0,0,0,0,0,0,0,0,0,0,0,0,0,0,0,0,0,0,0
Rayo Vallecano,Centrocampista,,Santi Comesaña,55,1,"2,0%",1,"2,0%",1,"2,0%",0,"0,0%",0,0,0,0,0,0,1,0,1,4,1,1,1,0,3,3,1,1,0,1,1,0,0,0,0,0,0,0,1,0,0,0,0,0,0,0,0,0,0,0,2,8,6,3,29,26,3,0,0
Rayo Vallecano,Centrocampista,3,Uche,10,0,"14,0%",0,"8,0%",0,"11,0%",0,"5,0%",0,0,0,0,0,0,0,0,0,1,0,0,0,0,0,1,0,0,0,0,0,0,0,0,0,0,0,0,0,0,0,0,0,0,0,0,0,0,0,0,0,1,1,0,5,5,0,0,0
Rayo Vallecano,Centrocampista,4,Medrán,30,1,"54,0%",0,"8,0%",0,"30,0%",0,"46,0%",0,0,0,0,0,0,1,0,1,2,0,0,0,0,1,2,0,0,0,1,1,0,0,0,0,1,0,0,1,0,0,0,0,0,0,0,0,0,0,1,0,4,3,1,19,17,3,0,0
Rayo Vallecano,Centrocampista,6,Gorka,20,0,"1,0%",0,"0,0%",0,"1,0%",0,"1,0%",0,0,0,0,0,0,0,0,0,1,1,0,0,0,1,1,1,0,0,0,0,0,0,0,0,0,0,0,0,0,0,0,0,0,0,0,0,0,0,0,1,3,1,1,10,9,1,0,0
Rayo Vallecano,Centrocampista,10,Kakuta,21,0,"1,0%",0,"0,0%",0,"1,0%",0,"1,0%",0,0,0,0,0,0,1,0,0,1,0,0,0,0,1,1,0,0,0,0,0,0,0,0,0,0,0,0,1,0,0,0,0,0,1,0,0,0,1,0,0,3,2,1,7,7,0,0,0
Rayo Vallecano,Centrocampista,12,Giannelli Imbula,62,1,"2,0%",1,"1,0%",1,"2,0%",0,"1,0%",0,0,0,0,0,0,1,0,0,3,0,0,0,0,4,3,0,1,0,1,1,0,0,0,0,1,0,0,2,1,0,0,0,0,0,0,0,0,0,1,1,8,7,1,25,24,2,0,0
Rayo Vallecano,Centrocampista,14,Bebé,36,1,"76,0%",0,"19,0%",0,"38,0%",1,"57,0%",0,0,0,0,0,0,1,0,0,2,0,0,0,0,2,2,1,1,0,0,1,0,0,0,0,1,0,0,1,1,0,0,0,0,0,0,0,0,3,0,1,5,4,1,11,9,2,0,0
Rayo Vallecano,Centrocampista,15,Mario Suárez,27,0,"35,0%",0,"22,0%",0,"30,0%",0,"14,0%",0,0,0,0,0,0,1,0,0,2,0,1,0,0,2,1,1,1,0,1,1,0,0,0,0,0,0,0,0,0,0,0,0,0,0,0,0,0,0,0,1,5,3,1,15,14,2,0,0
Rayo Vallecano,Centrocampista,18,Álvaro,46,1,"92,0%",0,"19,0%",0,"43,0%",1,"73,0%",0,0,0,0,0,0,1,0,1,2,1,1,0,0,1,2,0,0,0,0,0,0,0,0,0,1,0,0,0,0,0,0,0,0,0,0,0,0,2,0,1,4,3,0,11,10,1,0,0
Rayo Vallecano,Centrocampista,22,Pozo,42,1,"76,0%",0,"19,0%",0,"41,0%",1,"57,0%",0,0,0,0,0,0,1,0,0,2,0,0,0,0,3,3,0,1,0,1,0,0,0,0,0,0,0,0,2,1,0,0,0,0,0,0,0,0,1,0,0,6,5,1,19,18,1,0,0
Rayo Vallecano,Centrocampista,25,Franco Di Santo,5,0,"1,0%",0,"0,0%",0,"0,0%",0,"0,0%",0,0,0,0,0,0,0,0,0,0,0,0,0,0,0,0,0,0,0,0,0,0,0,0,0,0,0,0,0,0,0,0,0,0,0,0,0,0,0,0,0,1,0,0,1,1,0,0,0
Rayo Vallecano,Centrocampista,34,Manuel Navarro,0,0,"0,0%",0,"0,0%",0,"0,0%",0,"0,0%",0,0,0,0,0,0,0,0,0,0,0,0,0,0,0,0,0,0,0,0,0,0,0,0,0,0,0,0,0,0,0,0,0,0,0,0,0,0,0,0,0,0,0,0,0,0,0,0,0
Rayo Vallecano,Centrocampista,35,Ángel Algobia,0,0,"0,0%",0,"0,0%",0,"0,0%",0,"0,0%",0,0,0,0,0,0,0,0,0,0,0,0,0,0,0,0,0,0,0,0,0,0,0,0,0,0,0,0,0,0,0,0,0,0,0,0,0,0,0,0,0,0,0,0,0,0,0,0,0
Rayo Vallecano,Delantero,8,M. L. S. Trejo,48,1,"2,0%",0,"1,0%",1,"2,0%",1,"1,0%",0,0,0,0,0,0,1,0,1,3,0,1,0,0,4,4,1,1,0,1,1,0,0,0,1,0,0,0,1,1,0,0,0,0,1,0,0,0,1,0,2,9,8,2,23,22,1,0,0
Rayo Vallecano,Delantero,9,R. D. T.,74,1,"86,0%",1,"62,0%",1,"84,0%",0,"24,0%",0,0,0,0,0,0,1,0,0,2,1,0,0,0,2,4,1,2,1,1,2,0,0,0,0,2,1,0,1,1,0,0,0,0,0,0,0,0,0,0,0,10,7,3,12,11,1,0,0
Rayo Vallecano,Delantero,11,Embarba,60,1,"95,0%",0,"24,0%",1,"70,0%",1,"70,0%",0,0,0,0,0,0,1,0,1,3,0,1,1,0,4,5,1,1,0,1,1,0,0,0,0,1,1,0,1,1,0,0,0,0,3,0,0,0,4,3,1,10,8,2,15,14,1,0,0
Rayo Vallecano,Delantero,19,Lass B.,0,0,"0,0%",0,"0,0%",0,"0,0%",0,"0,0%",0,0,0,0,0,0,0,0,0,0,0,0,0,0,0,0,0,0,0,0,0,0,0,0,0,0,0,0,0,0,0,0,0,0,0,0,0,0,0,0,0,0,0,0,0,0,0,0,0
Rayo Vallecano,Delantero,24,Javi Guerra,6,0,"19,0%",0,"3,0%",0,"3,0%",0,"16,0%",0,0,0,0,0,0,0,0,0,0,0,0,0,0,0,0,0,0,0,0,0,0,0,0,0,0,0,0,0,0,0,0,0,0,0,0,0,0,0,0,0,1,1,1,2,2,0,0,0
Rayo Vallecano,Delantero,29,Sergio Moreno,7,1,"1,0%",0,"0,0%",0,"0,0%",1,"1,0%",0,0,0,0,0,0,0,0,0,0,0,0,0,0,1,0,0,0,0,1,0,0,0,0,0,1,1,0,0,0,0,0,0,0,0,0,0,0,0,0,0,1,1,0,1,1,0,0,0
RC Celta,Portero,1,Sergio A.,90,1,"3,0%",1,"3,0%",1,"3,0%",0,"0,0%",0,0,0,0,0,0,2,0,0,9,1,0,0,0,0,0,0,0,0,0,0,0,0,0,0,0,0,0,0,0,0,0,0,0,0,0,0,0,0,0,0,1,0,0,32,12,20,0,0
RC Celta,Portero,13,Rubén Blanco,59,1,"65,0%",1,"65,0%",1,"65,0%",0,"0,0%",0,0,0,0,0,0,1,0,0,5,1,0,0,0,0,0,0,0,0,0,0,0,0,0,0,0,0,0,0,0,0,0,0,0,0,0,0,0,0,0,0,0,0,0,18,6,12,0,0
RC Celta,Portero,26,Iván Villar,0,0,"0,0%",0,"0,0%",0,"0,0%",0,"0,0%",0,0,0,0,0,0,0,0,0,0,0,0,0,0,0,0,0,0,0,0,0,0,0,0,0,0,0,0,0,0,0,0,0,0,0,0,0,0,0,0,0,0,0,0,0,0,0,0,0
RC Celta,Defensa,,Lucas Olaza,24,0,"24,0%",0,"22,0%",0,"24,0%",0,"3,0%",0,0,0,0,0,0,0,0,0,1,0,1,0,0,1,0,0,0,0,0,0,0,0,0,0,0,0,0,0,0,0,0,0,0,0,0,0,0,1,0,1,2,1,0,10,8,1,0,0
RC Celta,Defensa,2,Hugo Mallo,81,1,"92,0%",1,"86,0%",1,"92,0%",0,"5,0%",0,0,0,0,0,0,1,0,1,4,3,1,1,0,3,3,2,2,0,1,1,0,0,0,1,1,0,0,1,0,0,0,0,0,0,0,0,0,4,1,2,9,6,3,39,34,6,0,0
RC Celta,Defensa,3,David Costas,35,0,"1,0%",0,"1,0%",0,"1,0%",0,"0,0%",0,0,0,0,0,0,1,0,1,2,2,0,0,0,1,1,1,0,0,0,1,0,0,0,0,0,0,0,0,0,0,0,0,0,0,0,0,0,0,0,1,3,2,1,20,18,3,0,0
RC Celta,Defensa,4,Araújo,71,1,"84,0%",1,"76,0%",1,"78,0%",0,"8,0%",0,0,0,0,0,0,1,1,1,3,4,1,1,0,1,1,2,1,0,0,0,0,0,0,0,0,0,0,0,0,0,0,0,0,0,0,0,0,0,0,1,5,2,3,39,35,5,0,0
RC Celta,Defensa,12,Wesley Hoedt,24,0,"1,0%",0,"1,0%",0,"1,0%",0,"0,0%",0,0,0,0,0,0,1,0,0,1,2,0,0,0,1,0,1,0,0,0,0,0,0,0,0,0,0,0,0,0,0,0,0,0,0,0,0,0,0,0,1,2,1,1,13,11,2,0,0
RC Celta,Defensa,17,Juncà,63,1,"2,0%",1,"2,0%",1,"2,0%",0,"0,0%",0,0,0,0,0,0,1,0,1,3,2,1,1,0,3,2,1,1,0,1,1,0,0,0,0,0,0,0,1,0,0,0,0,0,0,0,0,0,2,0,2,7,5,2,30,27,3,0,0
RC Celta,Defensa,20,Vázquez,8,0,"0,0%",0,"0,0%",0,"0,0%",0,"0,0%",0,0,0,0,0,0,0,0,0,0,0,0,0,0,1,0,0,0,0,0,0,0,0,0,0,0,0,0,0,0,0,0,0,0,0,0,0,0,0,0,0,1,1,0,3,3,0,0,0
RC Celta,Defensa,22,G. Cabral,50,1,"62,0%",1,"49,0%",1,"54,0%",0,"14,0%",0,0,0,0,0,0,1,0,1,3,3,1,0,0,1,1,2,1,0,0,1,0,0,0,0,0,0,0,0,0,0,0,0,0,0,0,0,0,0,0,1,5,2,3,24,21,3,0,0
RC Celta,Centrocampista,5,Okay,58,1,"78,0%",0,"38,0%",1,"68,0%",0,"41,0%",0,0,0,0,0,0,1,0,1,5,1,1,1,0,3,2,2,1,0,1,1,0,0,0,1,0,0,0,1,0,0,0,0,0,0,0,0,0,0,0,2,9,6,3,37,33,3,0,0
RC Celta,Centrocampista,6,Radoja,0,0,"0,0%",0,"0,0%",0,"0,0%",0,"0,0%",0,0,0,0,0,0,0,0,0,0,0,0,0,0,0,0,0,0,0,0,0,0,0,0,0,0,0,0,0,0,0,0,0,0,0,0,0,0,0,0,0,0,0,0,0,0,0,0,0
RC Celta,Centrocampista,7,Emre Mor,11,0,"1,0%",0,"0,0%",0,"0,0%",0,"1,0%",0,0,0,0,0,0,0,0,0,1,0,0,0,0,1,1,0,0,0,0,0,0,0,0,0,0,0,0,0,0,0,0,0,0,0,0,0,0,0,0,0,2,2,0,3,2,0,0,0
RC Celta,Centrocampista,8,F. Beltrán,41,1,"2,0%",0,"1,0%",0,"1,0%",1,"2,0%",0,0,0,0,0,0,1,0,1,3,0,1,0,0,1,2,0,1,0,0,0,0,0,0,0,0,0,0,0,0,0,0,0,0,0,0,0,0,0,0,1,3,3,1,23,22,2,0,0
RC Celta,Centrocampista,14,Lobotka,66,1,"81,0%",1,"57,0%",1,"70,0%",0,"24,0%",0,0,0,0,0,0,1,0,1,4,0,1,0,0,3,2,0,1,0,1,1,0,0,0,0,0,0,0,1,0,0,0,0,0,0,0,0,0,0,0,1,6,5,1,37,35,2,0,0
RC Celta,Centrocampista,16,Hjulsager,10,0,"1,0%",0,"0,0%",0,"0,0%",0,"1,0%",0,0,0,0,0,0,0,0,0,1,0,0,0,0,1,1,0,0,0,0,0,0,0,0,0,0,0,0,0,0,0,0,0,0,0,0,0,0,1,0,1,2,2,0,3,3,0,0,0
RC Celta,Centrocampista,18,Jensen,7,0,"1,0%",0,"0,0%",0,"0,0%",0,"1,0%",0,0,0,0,0,0,0,0,0,1,0,0,0,0,0,1,0,0,0,0,0,0,0,0,0,0,0,0,0,0,0,0,0,0,0,0,0,0,0,0,0,1,1,0,2,2,0,0,0
RC Celta,Centrocampista,19,Boufal,55,1,"92,0%",0,"5,0%",1,"68,0%",1,"86,0%",0,0,0,0,0,0,1,0,0,3,0,1,0,0,6,6,1,1,0,2,1,0,0,0,0,1,0,0,4,2,0,0,0,0,0,0,0,0,1,1,1,13,12,1,21,20,1,0,0
RC Celta,Centrocampista,21,Jozabed,30,1,"51,0%",0,"19,0%",0,"38,0%",0,"32,0%",0,0,0,0,0,0,1,0,0,2,0,0,0,0,1,1,0,0,0,0,0,0,0,0,0,0,0,0,0,0,0,0,0,0,0,0,0,0,0,0,1,2,2,1,19,16,3,0,0
RC Celta,Centrocampista,23,B. Méndez,62,1,"81,0%",1,"51,0%",1,"70,0%",0,"30,0%",0,0,0,0,0,0,1,0,1,4,1,1,1,0,4,4,1,2,0,2,1,0,0,0,0,1,1,0,1,1,0,0,0,0,1,0,0,0,1,2,2,10,8,2,29,27,2,0,0
RC Celta,Centrocampista,24,Boudebouz,33,1,"51,0%",0,"11,0%",0,"35,0%",0,"41,0%",0,0,0,0,0,0,1,0,0,1,0,0,0,0,2,2,0,1,0,0,0,0,0,0,0,1,0,0,1,0,0,0,0,0,0,0,0,0,1,1,1,4,3,1,17,16,1,0,0
RC Celta,Delantero,9,M. Gómez,78,1,"92,0%",1,"73,0%",1,"86,0%",0,"19,0%",0,0,0,0,0,0,1,0,0,2,1,0,0,0,2,3,4,4,1,2,2,0,0,0,0,2,1,0,0,0,0,0,0,0,1,0,0,0,0,0,0,13,5,7,18,16,1,0,0
RC Celta,Delantero,10,Iago Aspas,59,1,"70,0%",0,"35,0%",1,"68,0%",0,"35,0%",0,0,0,1,0,0,1,0,0,3,0,0,0,0,2,2,1,1,0,1,0,0,0,0,0,1,1,0,1,0,0,0,0,0,5,0,0,0,1,0,0,6,4,2,23,21,1,0,0
RC Celta,Delantero,11,Sisto,22,1,"65,0%",0,"3,0%",0,"22,0%",1,"62,0%",0,0,0,0,0,0,0,0,0,1,0,0,0,0,1,1,0,0,0,1,0,0,0,0,0,0,0,0,1,0,0,0,0,0,0,0,0,0,0,0,0,3,3,0,11,10,1,0,0
RCD Espanyol,Portero,1,Roberto,0,0,"0,0%",0,"0,0%",0,"0,0%",0,"0,0%",0,0,0,0,0,0,0,0,0,0,0,0,0,0,0,0,0,0,0,0,0,0,0,0,0,0,0,0,0,0,0,0,0,0,0,0,0,0,0,0,0,0,0,0,0,0,0,0,0
RCD Espanyol,Portero,13,Diego López,90,1,"100,0%",1,"100,0%",1,"100,0%",0,"0,0%",0,0,0,0,0,0,1,0,0,7,1,0,0,0,0,0,0,0,0,0,0,0,0,0,0,0,0,0,0,0,0,0,0,0,0,0,0,0,0,0,0,0,0,0,28,12,16,0,0
RCD Espanyol,Defensa,,Lluís López,15,0,"1,0%",0,"0,0%",0,"0,0%",0,"0,0%",0,0,0,0,0,0,0,0,0,1,1,0,0,0,0,0,0,0,0,0,0,0,0,0,0,0,0,0,0,0,0,0,0,0,0,0,0,0,0,0,0,1,1,1,7,6,1,0,0
RCD Espanyol,Defensa,5,Naldo,36,0,"41,0%",0,"30,0%",0,"41,0%",0,"11,0%",0,0,0,0,0,0,1,0,1,2,3,0,0,0,1,0,1,1,0,0,0,0,0,0,0,0,0,0,0,0,0,0,0,0,0,0,0,0,0,0,1,3,1,2,16,13,3,0,0
RCD Espanyol,Defensa,6,O. Duarte,18,0,"1,0%",0,"1,0%",0,"1,0%",0,"0,0%",0,0,0,0,0,0,0,0,0,1,1,0,0,0,0,0,1,0,0,0,0,0,0,0,0,0,0,0,0,0,0,0,0,0,0,0,0,0,0,0,0,2,1,1,9,8,2,0,0
RCD Espanyol,Defensa,8,Roberto Rosales ,46,1,"54,0%",0,"43,0%",1,"51,0%",0,"11,0%",0,0,0,0,0,0,1,0,1,3,2,1,0,0,2,2,1,1,0,0,1,0,0,0,0,0,0,0,0,0,0,0,0,0,0,0,0,0,1,0,1,6,4,2,24,21,3,0,0
RCD Espanyol,Defensa,12,Dídac Vilà,69,1,"2,0%",1,"2,0%",1,"2,0%",0,"0,0%",0,0,0,0,0,0,1,0,2,4,2,1,1,0,3,3,1,1,0,1,1,0,0,0,1,0,0,0,0,0,0,0,0,0,0,0,0,0,2,0,2,8,6,2,33,27,5,0,0
RCD Espanyol,Defensa,16,Javi López,56,1,"2,0%",1,"1,0%",1,"2,0%",0,"0,0%",0,0,0,0,0,0,1,0,1,3,2,1,1,0,3,2,1,1,0,1,1,0,0,0,0,0,0,0,1,0,0,0,0,0,0,0,0,0,2,0,2,7,6,2,24,22,3,0,0
RCD Espanyol,Defensa,22,Hermoso,74,1,"84,0%",1,"78,0%",1,"81,0%",0,"5,0%",0,0,0,0,0,0,1,1,1,5,4,1,0,0,2,1,2,1,0,1,1,0,0,0,0,1,0,0,0,0,0,0,0,0,0,0,0,0,0,0,1,6,3,3,42,35,7,0,0
RCD Espanyol,Defensa,28,Adrià Pedrosa,20,0,"30,0%",0,"19,0%",0,"19,0%",0,"11,0%",0,0,0,0,0,0,0,0,0,1,1,0,0,0,1,1,0,0,0,0,0,0,0,0,0,0,0,0,0,0,0,0,0,0,0,0,0,0,0,0,0,2,2,0,6,5,1,0,0
RCD Espanyol,Defensa,32,Iago Indias,0,0,"0,0%",0,"0,0%",0,"0,0%",0,"0,0%",0,0,0,0,0,0,0,0,0,0,0,0,0,0,0,0,0,0,0,0,0,0,0,0,0,0,0,0,0,0,0,0,0,0,0,0,0,0,0,0,0,0,0,0,0,0,0,0,0
RCD Espanyol,Centrocampista,,Alfa Semedo,1,0,"0,0%",0,"0,0%",0,"0,0%",0,"0,0%",0,0,0,0,0,0,0,0,0,0,0,0,0,0,0,0,0,0,0,0,0,0,0,0,0,0,0,0,0,0,0,0,0,0,0,0,0,0,0,0,0,1,0,0,1,1,0,0,0
RCD Espanyol,Centrocampista,,Facundo Ferreyra,6,0,"1,0%",0,"0,0%",0,"0,0%",0,"1,0%",0,0,0,0,0,0,0,0,0,0,0,0,0,0,0,0,0,0,0,0,0,0,0,0,0,0,0,0,0,0,0,0,0,0,0,0,0,0,0,0,0,1,1,1,1,1,0,0,0
RCD Espanyol,Centrocampista,4,Víctor S.,33,1,"62,0%",0,"24,0%",0,"35,0%",0,"38,0%",0,0,0,0,0,0,1,0,1,2,1,1,0,0,2,3,1,0,0,1,1,0,0,0,1,0,0,0,0,0,0,0,0,0,0,0,0,0,0,0,1,6,5,1,14,13,1,0,0
RCD Espanyol,Centrocampista,10,S. Darder,72,1,"89,0%",1,"57,0%",1,"84,0%",0,"32,0%",0,0,0,0,0,0,1,0,1,4,1,1,1,0,3,3,0,1,0,1,1,0,0,0,0,1,0,0,1,1,0,0,0,0,0,0,0,0,1,1,2,7,6,1,33,29,3,0,0
RCD Espanyol,Centrocampista,14,Melendo,53,1,"84,0%",0,"16,0%",1,"57,0%",1,"68,0%",0,0,0,0,0,0,1,0,0,3,0,0,0,0,3,2,0,1,0,2,0,0,0,0,0,0,0,0,1,0,0,0,0,0,0,0,0,0,0,0,0,6,5,1,23,22,1,0,0
RCD Espanyol,Centrocampista,15,David López,70,1,"2,0%",1,"2,0%",1,"2,0%",0,"0,0%",0,0,0,0,0,0,1,1,1,4,3,1,0,0,2,1,2,2,0,1,1,0,0,0,0,0,0,0,0,0,0,0,0,0,0,0,0,0,0,0,1,7,3,4,46,41,6,0,0
RCD Espanyol,Centrocampista,18,Álex López,3,0,"0,0%",0,"0,0%",0,"0,0%",0,"0,0%",0,0,0,0,0,0,0,0,0,0,0,0,0,0,0,0,0,0,0,0,0,0,0,0,0,0,0,0,0,0,0,0,0,0,0,0,0,0,0,0,0,1,0,0,2,2,0,0,0
RCD Espanyol,Centrocampista,21,M. Roca,82,1,"92,0%",1,"81,0%",1,"92,0%",0,"11,0%",0,0,0,0,0,0,1,1,1,6,2,1,1,0,3,4,1,1,0,1,2,0,0,0,0,0,0,0,1,0,0,0,0,0,0,0,0,0,0,0,2,9,7,2,52,46,5,0,0
RCD Espanyol,Centrocampista,23,Granero,53,1,"73,0%",0,"32,0%",1,"62,0%",0,"41,0%",0,0,0,0,0,0,1,0,1,4,1,1,1,0,3,3,1,1,0,1,1,0,0,0,1,1,0,0,1,0,0,0,0,0,0,0,0,0,1,2,1,8,6,1,30,27,3,0,0
RCD Espanyol,Centrocampista,29,Carlos Doncel,0,0,"0,0%",0,"0,0%",0,"0,0%",0,"0,0%",0,0,0,0,0,0,0,0,0,0,0,0,0,0,0,0,0,0,0,0,0,0,0,0,0,0,0,0,0,0,0,0,0,0,0,0,0,0,0,0,0,0,0,0,0,0,0,0,0
RCD Espanyol,Centrocampista,31,Víctor Campuzano,0,0,"0,0%",0,"0,0%",0,"0,0%",0,"0,0%",0,0,0,0,0,0,0,0,0,0,0,0,0,0,0,0,0,0,0,0,0,0,0,0,0,0,0,0,0,0,0,0,0,0,0,0,0,0,0,0,0,0,0,0,0,0,0,0,0
RCD Espanyol,Delantero,7,Borja Iglesias,81,1,"97,0%",1,"65,0%",1,"92,0%",0,"32,0%",0,0,0,0,0,0,1,0,0,2,1,0,0,0,2,4,2,2,1,1,2,0,0,0,0,2,1,0,1,1,0,0,0,0,3,0,0,0,0,0,1,10,7,4,18,17,1,0,0
RCD Espanyol,Delantero,9,S. García,39,1,"76,0%",0,"16,0%",0,"46,0%",1,"59,0%",0,0,0,0,0,0,1,0,0,2,0,0,0,0,2,2,1,1,0,1,0,0,0,0,0,1,0,0,0,1,0,0,0,0,0,0,0,0,1,1,1,5,4,1,12,11,1,0,0
RCD Espanyol,Delantero,17,Hernán Pérez,24,1,"2,0%",0,"0,0%",0,"1,0%",1,"2,0%",0,0,0,0,0,0,0,0,0,1,0,0,0,0,2,2,0,0,0,1,1,0,0,0,0,0,0,0,1,1,0,0,0,0,0,0,0,0,1,0,0,5,4,1,7,6,1,0,0
RCD Espanyol,Delantero,19,Piatti,32,1,"2,0%",0,"0,0%",0,"1,0%",1,"2,0%",0,0,0,0,0,0,1,0,0,2,0,1,0,0,3,2,0,1,0,1,1,0,0,0,0,1,0,0,0,1,0,0,0,0,0,0,0,0,1,1,1,6,5,1,10,10,1,0,0
RCD Espanyol,Delantero,20,Puado,9,0,"38,0%",0,"3,0%",0,"5,0%",0,"35,0%",0,0,0,0,0,0,0,0,0,1,0,0,0,0,0,1,0,0,0,0,0,0,0,0,0,0,0,0,0,0,0,0,0,0,0,0,0,0,0,0,0,1,1,1,2,2,0,0,0
RCD Espanyol,Delantero,24,Wu Lei,28,0,"41,0%",0,"11,0%",0,"30,0%",0,"30,0%",0,0,0,0,0,0,0,0,0,1,0,0,0,0,1,1,0,1,0,0,0,0,0,0,0,1,0,0,0,0,0,0,0,0,0,0,0,0,0,0,0,3,2,1,5,5,0,0,0
Real Betis,Portero,1,Joel Robles,12,0,"0,0%",0,"0,0%",0,"0,0%",0,"0,0%",0,0,0,0,0,0,0,0,0,1,0,0,0,0,0,0,0,0,0,0,0,0,0,0,0,0,0,0,0,0,0,0,0,0,0,0,0,0,0,0,0,0,0,0,4,3,2,0,0
Real Betis,Portero,13,Pau López,78,1,"86,0%",1,"86,0%",1,"86,0%",0,"0,0%",0,0,0,0,0,0,1,0,0,7,1,0,0,0,0,0,0,0,0,0,0,0,0,0,0,0,0,0,0,0,0,0,0,0,0,0,0,0,0,0,0,0,0,0,28,19,10,0,0
Real Betis,Defensa,,Emerson,9,0,"1,0%",0,"0,0%",0,"0,0%",0,"0,0%",0,0,0,0,0,0,0,0,0,0,0,0,0,0,1,0,0,0,0,0,0,0,0,0,0,0,0,0,0,0,0,0,0,0,0,0,0,0,0,0,0,1,1,0,4,4,0,0,0
Real Betis,Defensa,2,Francis G.,47,1,"57,0%",0,"24,0%",1,"57,0%",0,"32,0%",0,0,0,0,0,0,1,0,1,2,1,1,1,0,3,2,0,1,0,1,0,0,0,0,0,0,0,0,0,0,0,0,0,0,0,0,0,0,2,0,1,5,4,1,21,19,1,0,0
Real Betis,Defensa,4,Feddal,45,1,"54,0%",0,"41,0%",1,"49,0%",0,"14,0%",0,0,0,0,0,0,1,0,1,3,2,1,0,0,2,1,2,1,0,0,1,0,0,0,1,0,0,0,1,0,0,0,0,0,0,0,0,0,0,0,1,6,3,3,34,29,4,0,0
Real Betis,Defensa,5,Bartra,77,1,"86,0%",1,"81,0%",1,"86,0%",0,"5,0%",0,0,0,0,0,0,1,1,2,4,3,1,1,0,4,2,2,1,0,1,1,0,0,0,0,0,0,0,0,0,0,0,0,0,0,0,0,0,0,0,2,9,6,3,60,52,8,0,0
Real Betis,Defensa,12,Sidnei,46,1,"62,0%",0,"43,0%",1,"54,0%",0,"19,0%",0,0,0,0,0,0,1,0,1,3,1,1,1,0,2,1,1,1,0,0,0,0,0,0,0,0,0,0,0,0,0,0,0,0,0,0,0,0,0,0,1,5,3,2,33,30,3,0,0
Real Betis,Defensa,19,A. Barragán,31,1,"1,0%",0,"1,0%",0,"1,0%",0,"1,0%",0,0,0,0,0,0,1,0,0,1,1,0,0,0,1,1,0,0,0,0,1,0,0,0,0,0,0,0,0,0,0,0,0,0,0,0,0,0,1,0,1,3,2,1,17,17,1,0,0
Real Betis,Defensa,20,Júnior,51,1,"62,0%",1,"51,0%",1,"57,0%",0,"11,0%",0,0,0,0,0,0,1,0,1,3,1,1,0,0,2,2,1,1,0,1,1,0,0,0,0,0,0,0,1,0,0,0,0,0,0,0,0,0,1,0,1,6,4,2,25,23,1,0,0
Real Betis,Defensa,23,Mandi,81,1,"92,0%",1,"84,0%",1,"89,0%",0,"8,0%",0,0,0,0,0,0,1,1,1,4,2,1,1,0,2,2,1,1,0,1,2,0,0,0,1,0,0,0,0,0,0,0,0,0,0,0,0,0,1,0,1,7,4,3,68,63,5,0,0
Real Betis,Defensa,30,Julio Alonso,0,0,"0,0%",0,"0,0%",0,"0,0%",0,"0,0%",0,0,0,0,0,0,0,0,0,0,0,0,0,0,0,0,0,0,0,0,0,0,0,0,0,0,0,0,0,0,0,0,0,0,0,0,0,0,0,0,0,0,0,0,0,0,0,0,0
Real Betis,Defensa,32,Edgar González,0,0,"0,0%",0,"0,0%",0,"0,0%",0,"0,0%",0,0,0,0,0,0,0,0,0,0,0,0,0,0,0,0,0,0,0,0,0,0,0,0,0,0,0,0,0,0,0,0,0,0,0,0,0,0,0,0,0,0,0,0,0,0,0,0,0
Real Betis,Centrocampista,,Kaptoum,20,0,"24,0%",0,"14,0%",0,"22,0%",0,"11,0%",0,0,0,0,0,0,0,0,0,1,0,0,0,0,1,1,0,0,0,0,0,0,0,0,0,0,0,0,1,0,0,0,0,0,0,0,0,0,0,0,0,3,2,0,9,8,0,0,0
Real Betis,Centrocampista,3,Javi García,17,0,"1,0%",0,"0,0%",0,"1,0%",0,"1,0%",0,0,0,0,0,0,0,0,0,1,1,0,0,0,0,0,1,0,0,0,0,0,0,0,0,0,0,0,0,0,0,0,0,0,0,0,0,0,0,0,0,2,1,1,14,14,1,0,0
Real Betis,Centrocampista,6,Canales,76,1,"2,0%",1,"2,0%",1,"2,0%",0,"1,0%",0,0,0,0,0,0,1,0,0,4,0,1,0,0,4,4,0,1,0,1,1,0,0,0,0,1,1,0,2,1,0,0,0,0,2,0,0,0,2,3,1,9,8,1,50,46,4,0,0
Real Betis,Centrocampista,11,Tello Herrera,41,1,"76,0%",0,"32,0%",0,"35,0%",0,"43,0%",0,0,0,0,0,0,1,0,0,3,0,1,0,0,2,2,0,0,0,0,0,0,0,0,0,1,1,0,1,1,0,0,0,0,0,0,0,0,1,0,1,4,4,0,21,19,1,0,0
Real Betis,Centrocampista,14,William Carvalho,63,1,"78,0%",1,"54,0%",1,"68,0%",0,"24,0%",0,0,0,0,0,0,1,0,0,5,1,1,1,0,3,2,1,0,0,1,1,0,0,0,0,0,0,0,1,0,0,0,0,0,0,0,0,0,0,0,1,7,6,2,50,46,4,0,0
Real Betis,Centrocampista,17,Joaquín,46,1,"2,0%",0,"1,0%",1,"1,0%",1,"2,0%",0,0,0,0,0,0,1,0,0,2,1,0,0,0,2,2,0,1,0,1,0,0,0,0,0,1,0,0,1,1,0,0,0,0,0,0,0,0,2,1,0,5,4,1,23,22,1,0,0
Real Betis,Centrocampista,18,A. Guardado,62,1,"81,0%",1,"49,0%",1,"70,0%",0,"32,0%",0,0,0,0,0,0,1,0,1,4,1,0,0,0,2,3,0,1,0,1,1,0,0,0,0,1,0,0,1,0,0,0,0,0,0,0,0,0,1,1,1,6,5,1,42,38,4,0,0
Real Betis,Centrocampista,21,Giovani Lo Celso,63,1,"84,0%",1,"49,0%",1,"70,0%",0,"35,0%",0,0,0,0,0,0,1,0,0,3,0,1,1,0,5,4,0,1,0,2,1,0,0,0,0,1,1,0,2,1,0,0,0,0,2,0,0,0,0,0,1,10,9,1,38,35,2,0,0
Real Betis,Centrocampista,22,Diego Lainez,9,0,"1,0%",0,"0,0%",0,"0,0%",0,"1,0%",0,0,0,0,0,0,0,0,0,0,0,0,0,0,1,1,0,0,0,1,0,0,0,0,0,0,0,0,0,1,0,0,0,0,0,0,0,0,0,0,0,2,2,0,3,3,0,0,0
Real Betis,Centrocampista,27,Adrián Tellado,0,0,"0,0%",0,"0,0%",0,"0,0%",0,"0,0%",0,0,0,0,0,0,0,0,0,0,0,0,0,0,0,0,0,0,0,0,0,0,0,0,0,0,0,0,0,0,0,0,0,0,0,0,0,0,0,0,0,0,0,0,0,0,0,0,0
Real Betis,Centrocampista,28,Irizo,0,0,"0,0%",0,"0,0%",0,"0,0%",0,"0,0%",0,0,0,0,0,0,0,0,0,0,0,0,0,0,0,0,0,0,0,0,0,0,0,0,0,0,0,0,0,0,0,0,0,0,0,0,0,0,0,0,0,0,0,0,0,0,0,0,0
Real Betis,Centrocampista,33,Robert,0,0,"0,0%",0,"0,0%",0,"0,0%",0,"0,0%",0,0,0,0,0,0,0,0,0,0,0,0,0,0,0,0,0,0,0,0,0,0,0,0,0,0,0,0,0,0,0,0,0,0,0,0,0,0,0,0,0,0,0,0,0,0,0,0,0
Real Betis,Centrocampista,37,Diego Altamirano,0,0,"0,0%",0,"0,0%",0,"0,0%",0,"0,0%",0,0,0,0,0,0,0,0,0,0,0,0,0,0,0,0,0,0,0,0,0,0,0,0,0,0,0,0,0,0,0,0,0,0,0,0,0,0,0,0,0,0,0,0,0,0,0,0,0
Real Betis,Centrocampista,37,Jaime Garijo,0,0,"0,0%",0,"0,0%",0,"0,0%",0,"0,0%",0,0,0,0,0,0,0,0,0,0,0,0,0,0,0,0,0,0,0,0,0,0,0,0,0,0,0,0,0,0,0,0,0,0,0,0,0,0,0,0,0,0,0,0,0,0,0,0,0
Real Betis,Centrocampista,38,Paul Akouokou,0,0,"0,0%",0,"0,0%",0,"0,0%",0,"0,0%",0,0,0,0,0,0,0,0,0,0,0,0,0,0,0,0,0,0,0,0,0,0,0,0,0,0,0,0,0,0,0,0,0,0,0,0,0,0,0,0,0,0,0,0,0,0,0,0,0
Real Betis,Delantero,7,Sergio León,19,1,"1,0%",0,"0,0%",0,"1,0%",0,"1,0%",0,0,0,0,0,0,0,0,0,1,0,0,0,0,1,1,0,1,0,0,0,0,0,0,0,0,0,0,0,0,0,0,0,0,0,0,0,0,0,0,0,3,2,1,3,3,0,0,0
Real Betis,Delantero,10,Jesé,21,0,"35,0%",0,"5,0%",0,"24,0%",0,"30,0%",0,0,0,0,0,0,0,0,0,1,0,0,0,0,1,1,0,0,0,0,0,0,0,0,0,0,0,0,0,0,0,0,0,0,0,0,0,0,0,0,0,2,1,1,5,5,0,0,0
Real Betis,Delantero,16,Loren,52,1,"86,0%",0,"27,0%",1,"57,0%",1,"59,0%",0,0,0,0,0,0,1,0,0,1,0,0,0,0,2,3,1,1,1,1,1,0,0,0,0,1,1,0,0,1,0,0,0,0,0,0,0,0,0,0,1,7,5,2,9,9,0,0,0
Real Madrid,Portero,,Luca Zidane,3,0,"0,0%",0,"0,0%",0,"0,0%",0,"0,0%",0,0,0,0,0,0,0,0,0,0,0,0,0,0,0,0,0,0,0,0,0,0,0,0,0,0,0,0,0,0,0,0,0,0,0,0,0,0,0,0,0,0,0,0,1,1,0,0,0
Real Madrid,Portero,1,Navas,24,0,"24,0%",0,"24,0%",0,"24,0%",0,"0,0%",0,0,0,0,0,0,0,0,0,2,0,0,0,0,0,0,0,0,0,0,0,0,0,0,0,0,0,0,0,0,0,0,0,0,0,0,0,0,0,0,0,0,0,0,6,4,3,0,0
Real Madrid,Portero,25,Courtois,66,1,"2,0%",1,"2,0%",1,"2,0%",0,"0,0%",0,0,0,0,0,0,1,0,0,6,0,0,0,0,0,0,0,0,0,0,0,0,0,0,0,0,0,0,0,0,0,0,0,0,0,0,0,0,0,0,0,0,0,0,18,10,8,0,0
Real Madrid,Defensa,,Javi Sánchez,4,0,"0,0%",0,"0,0%",0,"0,0%",0,"0,0%",0,0,0,0,0,0,0,0,0,0,0,0,0,0,0,0,0,0,0,0,0,0,0,0,0,0,0,0,0,0,0,0,0,0,0,0,0,0,0,0,0,1,0,0,1,0,0,0,0
Real Madrid,Defensa,2,Carvajal,55,1,"62,0%",1,"59,0%",1,"59,0%",0,"3,0%",0,0,0,0,0,0,1,0,1,4,1,1,0,0,3,2,1,1,0,1,1,0,0,0,0,0,0,0,1,1,0,0,0,0,0,0,0,0,2,0,1,6,5,1,41,38,3,0,0
Real Madrid,Defensa,3,Vallejo,8,0,"0,0%",0,"0,0%",0,"0,0%",0,"0,0%",0,0,0,0,0,0,0,0,0,1,0,0,0,0,0,0,0,0,0,0,0,0,0,0,0,0,0,0,0,0,0,0,0,0,0,0,0,0,0,0,0,1,0,0,4,4,1,0,0
Real Madrid,Defensa,4,Sergio Ramos,83,1,"2,0%",1,"2,0%",1,"2,0%",0,"0,0%",0,0,0,0,0,0,1,1,1,6,3,1,0,0,3,2,2,1,0,1,1,0,0,0,0,1,0,0,0,0,0,0,0,0,5,0,0,0,0,0,1,7,4,3,64,55,9,0,0
Real Madrid,Defensa,5,Varane,73,1,"84,0%",1,"73,0%",1,"81,0%",0,"11,0%",0,0,0,0,0,0,1,0,1,4,4,1,0,0,1,1,2,1,0,0,0,0,0,0,0,0,0,0,0,0,0,0,0,0,0,0,0,0,0,0,1,5,2,3,45,39,6,0,0
Real Madrid,Defensa,6,Nacho,45,1,"51,0%",0,"41,0%",1,"49,0%",0,"11,0%",0,0,0,0,0,0,1,0,1,3,2,1,0,0,1,1,1,1,0,0,1,0,0,0,0,0,0,0,0,0,0,0,0,0,0,0,0,0,0,0,1,4,2,2,26,24,2,0,0
Real Madrid,Defensa,12,Marcelo,48,1,"59,0%",0,"43,0%",1,"54,0%",0,"16,0%",0,0,0,0,0,0,1,0,0,3,0,1,0,0,2,2,0,1,0,1,1,0,0,0,0,1,0,0,1,0,0,0,0,0,0,0,0,0,2,0,1,5,4,1,35,31,4,0,0
Real Madrid,Defensa,19,Odriozola,38,1,"1,0%",0,"1,0%",1,"1,0%",0,"0,0%",0,0,0,0,0,0,1,0,0,2,0,1,0,0,2,2,0,1,0,1,1,0,0,0,0,0,0,0,0,1,0,0,0,0,0,0,0,0,2,0,1,4,3,1,19,19,1,0,0
Real Madrid,Defensa,23,Reguilón,33,0,"1,0%",0,"1,0%",0,"1,0%",0,"0,0%",0,0,0,0,0,0,0,0,1,2,1,0,0,0,2,1,0,0,0,1,1,0,0,0,0,0,0,0,0,0,0,0,0,0,0,0,0,0,1,0,1,4,3,1,20,18,2,0,0
Real Madrid,Defensa,26,Adrián de la Fuente,0,0,"0,0%",0,"0,0%",0,"0,0%",0,"0,0%",0,0,0,0,0,0,0,0,0,0,0,0,0,0,0,0,0,0,0,0,0,0,0,0,0,0,0,0,0,0,0,0,0,0,0,0,0,0,0,0,0,0,0,0,0,0,0,0,0
Real Madrid,Defensa,37,Francisco Garcia,0,0,"0,0%",0,"0,0%",0,"0,0%",0,"0,0%",0,0,0,0,0,0,0,0,0,0,0,0,0,0,0,0,0,0,0,0,0,0,0,0,0,0,0,0,0,0,0,0,0,0,0,0,0,0,0,0,0,0,0,0,0,0,0,0,0
Real Madrid,Centrocampista,8,Kroos,60,1,"2,0%",1,"1,0%",1,"2,0%",0,"1,0%",0,0,0,0,0,0,1,0,0,5,0,1,0,0,3,2,1,0,0,2,1,0,0,0,0,1,0,0,0,0,0,0,0,0,0,0,0,0,2,3,1,6,5,1,56,49,7,0,0
Real Madrid,Centrocampista,10,Modrić,69,1,"89,0%",1,"46,0%",1,"81,0%",0,"43,0%",0,0,0,0,0,0,1,0,1,4,0,1,1,0,4,3,0,0,0,1,1,0,0,0,0,1,0,0,1,1,0,0,0,0,0,0,0,0,1,1,1,8,7,1,50,45,5,0,0
Real Madrid,Centrocampista,14,Casemiro,63,1,"2,0%",1,"2,0%",1,"2,0%",0,"1,0%",0,0,0,0,0,0,1,0,1,5,1,1,1,0,4,3,2,1,0,1,1,0,0,0,0,1,0,0,1,0,0,0,0,0,0,0,0,0,0,0,2,11,7,4,44,39,5,0,0
Real Madrid,Centrocampista,15,Valverde,17,0,"41,0%",0,"5,0%",0,"14,0%",0,"35,0%",0,0,0,0,0,0,0,0,1,1,0,0,0,0,1,1,0,0,0,0,0,0,0,0,0,0,0,0,0,0,0,0,0,0,0,0,0,0,0,0,0,2,1,0,10,9,1,0,0
Real Madrid,Centrocampista,18,M. Llorente,14,0,"16,0%",0,"11,0%",0,"14,0%",0,"5,0%",0,0,0,0,0,0,0,0,0,1,0,0,0,0,1,1,0,0,0,0,0,0,0,0,0,0,0,0,0,0,0,0,0,0,0,0,0,0,0,0,0,2,2,0,10,9,1,0,0
Real Madrid,Centrocampista,20,Asensio,47,1,"78,0%",0,"24,0%",1,"51,0%",1,"54,0%",0,0,0,0,0,0,1,0,0,2,0,0,0,0,2,2,0,0,0,1,1,0,0,0,0,1,1,0,1,1,0,0,0,0,0,0,0,0,2,1,0,4,4,1,24,23,1,0,0
Real Madrid,Centrocampista,21,Brahim Díaz,10,0,"22,0%",0,"0,0%",0,"11,0%",0,"22,0%",0,0,0,0,0,0,0,0,0,0,0,0,0,0,1,1,0,0,0,0,0,0,0,0,0,0,0,0,0,0,0,0,0,0,0,0,0,0,0,0,0,2,2,0,4,4,0,0,0
Real Madrid,Centrocampista,22,Isco,31,1,"70,0%",0,"5,0%",0,"30,0%",1,"65,0%",0,0,0,0,0,0,1,0,0,2,0,0,0,0,3,2,0,0,0,1,1,0,0,0,0,0,0,0,1,0,0,0,0,0,0,0,0,0,1,1,1,5,5,1,24,23,1,0,0
Real Madrid,Centrocampista,24,D. Ceballos,36,1,"2,0%",0,"0,0%",0,"1,0%",1,"1,0%",0,0,0,0,0,0,0,0,0,3,0,1,0,0,3,2,0,1,0,1,1,0,0,0,0,0,0,0,0,1,0,0,0,0,0,0,0,0,0,0,1,6,5,1,29,27,2,0,0
Real Madrid,Centrocampista,36,Álvaro Fidalgo,0,0,"0,0%",0,"0,0%",0,"0,0%",0,"0,0%",0,0,0,0,0,0,0,0,0,0,0,0,0,0,0,0,0,0,0,0,0,0,0,0,0,0,0,0,0,0,0,0,0,0,0,0,0,0,0,0,0,0,0,0,0,0,0,0,0
Real Madrid,Centrocampista,39,Jaume Grau,0,0,"0,0%",0,"0,0%",0,"0,0%",0,"0,0%",0,0,0,0,0,0,0,0,0,0,0,0,0,0,0,0,0,0,0,0,0,0,0,0,0,0,0,0,0,0,0,0,0,0,0,0,0,0,0,0,0,0,0,0,0,0,0,0,0
Real Madrid,Delantero,,Cristo González,2,0,"0,0%",0,"0,0%",0,"0,0%",0,"0,0%",0,0,0,0,0,0,0,0,0,0,0,0,0,0,0,0,0,0,0,0,0,0,0,0,0,0,0,0,0,0,0,0,0,0,0,0,0,0,0,0,0,0,0,0,1,1,0,0,0
Real Madrid,Delantero,7,Mariano,12,0,"1,0%",0,"0,0%",0,"0,0%",0,"1,0%",0,0,0,0,0,0,0,0,0,0,0,0,0,0,0,0,0,0,0,0,0,0,0,0,0,0,0,0,0,0,0,0,0,0,0,0,0,0,0,0,0,1,1,1,3,2,0,0,0
Real Madrid,Delantero,9,Benzema,78,1,"95,0%",1,"65,0%",1,"92,0%",0,"30,0%",0,0,0,1,0,0,1,0,0,2,1,0,0,0,2,3,1,1,1,1,1,0,0,0,0,2,1,0,1,1,0,0,0,0,3,0,0,0,1,0,1,8,5,3,31,30,1,0,0
Real Madrid,Delantero,11,Bale,51,1,"2,0%",0,"1,0%",1,"2,0%",1,"2,0%",0,0,0,0,0,0,1,0,0,1,0,0,0,0,2,2,1,1,0,1,1,0,0,0,0,2,1,0,1,1,0,0,0,0,1,0,0,0,2,0,1,6,4,2,20,18,2,0,0
Real Madrid,Delantero,17,L. Vázquez,40,1,"81,0%",0,"24,0%",0,"41,0%",1,"57,0%",0,0,0,0,0,0,1,0,0,2,0,1,0,0,3,3,0,1,0,1,1,0,0,0,0,1,0,0,1,1,0,0,0,0,0,0,0,0,2,0,1,7,6,1,23,22,1,0,0
Real Madrid,Delantero,28,Vinicius,23,1,"46,0%",0,"11,0%",0,"22,0%",0,"35,0%",0,0,0,0,0,0,0,0,0,1,0,0,0,0,2,2,0,0,0,1,0,0,0,0,0,1,0,0,1,1,0,0,0,0,0,0,0,0,1,0,0,4,4,0,8,7,0,0,0
Real Sociedad,Portero,,Andoni Zubiaurre,0,0,"0,0%",0,"0,0%",0,"0,0%",0,"0,0%",0,0,0,0,0,0,0,0,0,0,0,0,0,0,0,0,0,0,0,0,0,0,0,0,0,0,0,0,0,0,0,0,0,0,0,0,0,0,0,0,0,0,0,0,0,0,0,0,0
Real Sociedad,Portero,1,Gero Rulli,64,1,"70,0%",1,"70,0%",1,"70,0%",0,"0,0%",0,0,0,0,0,0,1,0,0,6,0,0,0,0,0,0,0,0,0,0,0,0,0,0,0,0,0,0,0,0,0,0,0,0,0,0,0,0,0,0,0,1,0,0,26,13,13,0,0
Real Sociedad,Portero,13,Moyà,58,1,"2,0%",1,"2,0%",1,"2,0%",0,"0,0%",0,0,0,0,0,0,1,0,0,5,1,0,0,0,0,0,0,0,0,0,0,0,0,0,0,0,0,0,0,0,0,0,0,0,0,0,0,0,0,0,0,1,0,0,19,9,10,0,0
Real Sociedad,Defensa,2,Zaldúa,58,1,"2,0%",1,"2,0%",1,"2,0%",0,"0,0%",0,0,0,0,0,0,1,0,1,2,2,1,0,0,3,2,1,1,0,2,1,0,0,0,0,0,0,0,1,1,0,0,0,0,0,0,0,0,2,0,1,7,5,2,24,21,3,0,0
Real Sociedad,Defensa,3,Llorente R.,46,1,"54,0%",0,"46,0%",1,"51,0%",0,"8,0%",0,0,0,0,0,0,0,0,1,3,2,0,0,0,1,1,2,1,0,0,1,0,0,0,0,0,0,0,0,0,0,0,0,0,0,0,0,0,0,0,1,5,2,3,29,25,4,0,0
Real Sociedad,Defensa,6,H.Moreno,51,1,"65,0%",1,"54,0%",1,"54,0%",0,"11,0%",0,0,0,0,0,0,1,1,1,3,2,0,0,0,1,1,1,1,0,0,0,0,0,0,0,0,0,0,0,0,0,0,0,0,0,0,0,0,0,0,0,3,2,2,31,27,4,0,0
Real Sociedad,Defensa,15,Aritz,59,1,"70,0%",1,"57,0%",1,"62,0%",0,"14,0%",0,0,0,0,0,0,1,0,1,4,4,1,1,0,2,1,2,1,0,1,1,0,0,0,0,0,0,0,0,0,0,0,0,0,0,0,0,0,1,0,1,6,3,3,29,25,4,0,0
Real Sociedad,Defensa,18,Gorosabel,28,0,"1,0%",0,"1,0%",0,"1,0%",0,"1,0%",0,0,0,0,0,0,0,0,0,1,1,1,0,0,1,1,0,1,0,0,0,0,0,0,0,0,0,0,0,0,0,0,0,0,0,0,0,0,1,0,1,4,3,1,13,12,1,0,0
Real Sociedad,Defensa,19,Theo,58,1,"2,0%",1,"2,0%",1,"2,0%",0,"0,0%",0,0,0,0,0,0,1,0,1,4,1,1,1,0,5,3,1,1,0,2,1,0,0,0,0,1,0,0,1,1,0,0,0,0,0,0,0,0,2,0,2,9,8,1,27,25,1,0,0
Real Sociedad,Defensa,20,Rodrigues,13,0,"1,0%",0,"0,0%",0,"0,0%",0,"0,0%",0,0,0,0,0,0,0,0,0,1,0,0,0,0,1,1,0,0,0,0,0,0,0,0,0,0,0,0,0,0,0,0,0,0,0,0,0,0,0,0,1,2,2,1,5,5,0,0,0
Real Sociedad,Defensa,22,Raúl Navas,39,1,"1,0%",0,"1,0%",0,"1,0%",0,"0,0%",0,0,0,0,0,0,1,0,1,3,2,0,0,0,1,1,1,1,0,0,0,0,0,0,0,0,0,0,0,0,0,0,0,0,0,0,0,0,0,0,1,3,2,1,25,22,4,0,0
Real Sociedad,Defensa,27,Robin Le Normand,8,0,"0,0%",0,"0,0%",0,"0,0%",0,"0,0%",0,0,0,0,0,0,0,0,0,1,0,0,0,0,0,0,0,0,0,0,0,0,0,0,0,0,0,0,0,0,0,0,0,0,0,0,0,0,0,0,0,1,0,0,7,6,1,0,0
Real Sociedad,Defensa,29,Aihen Muñoz,25,0,"27,0%",0,"19,0%",0,"27,0%",0,"8,0%",0,0,0,0,0,0,0,0,0,1,1,0,0,0,1,1,0,1,0,0,0,0,0,0,0,0,0,0,1,0,0,0,0,0,0,0,0,0,1,0,0,3,2,1,11,9,1,0,0
Real Sociedad,Defensa,35,Alex Sola,4,0,"0,0%",0,"0,0%",0,"0,0%",0,"0,0%",0,0,0,0,0,0,0,0,0,1,0,0,0,0,0,0,0,0,0,0,0,0,0,0,0,0,0,0,0,0,0,0,0,0,0,0,0,0,0,0,0,1,1,0,2,2,0,0,0
Real Sociedad,Centrocampista,,Ander Guevara,3,0,"0,0%",0,"0,0%",0,"0,0%",0,"0,0%",0,0,0,0,0,0,0,0,0,0,0,0,0,0,0,0,0,0,0,0,0,0,0,0,0,0,0,0,0,0,0,0,0,0,0,0,0,0,0,0,0,1,1,0,2,1,0,0,0
Real Sociedad,Centrocampista,4,Illarramendi,48,1,"59,0%",0,"43,0%",1,"54,0%",0,"16,0%",0,0,0,0,0,0,1,0,1,5,1,1,0,0,2,2,1,1,0,1,1,0,0,0,1,0,0,0,0,0,0,0,0,0,0,0,0,0,0,0,1,6,4,2,33,29,4,0,0
Real Sociedad,Centrocampista,5,Zubeldia,67,1,"86,0%",1,"59,0%",1,"76,0%",0,"27,0%",0,0,0,0,0,0,1,0,1,5,2,1,1,0,3,3,2,1,0,0,1,0,0,0,0,0,0,0,1,0,0,0,0,0,0,0,0,0,0,0,2,9,5,3,32,28,3,0,0
Real Sociedad,Centrocampista,8,Merino,54,1,"76,0%",0,"35,0%",1,"62,0%",0,"41,0%",0,0,0,0,0,0,1,0,1,4,1,1,1,0,3,4,2,1,0,1,2,0,0,0,1,1,0,0,1,0,0,0,0,0,0,0,0,0,0,0,1,11,7,3,29,26,3,0,0
Real Sociedad,Centrocampista,14,R. Pardo,36,1,"62,0%",0,"8,0%",0,"41,0%",1,"54,0%",0,0,0,0,0,0,1,0,1,2,0,0,0,0,1,1,0,0,0,0,0,0,0,0,0,0,0,0,0,0,0,0,0,0,0,0,0,0,1,2,0,3,2,1,21,18,3,0,0
Real Sociedad,Centrocampista,16,Merquelanz,1,0,"1,0%",0,"0,0%",0,"0,0%",0,"1,0%",0,0,0,0,0,0,0,0,0,0,0,0,0,0,0,0,0,0,0,0,0,0,0,0,0,0,0,0,0,0,0,0,0,0,0,0,0,0,0,0,0,0,0,0,0,0,0,0,0
Real Sociedad,Centrocampista,17,Zurutuza,44,1,"2,0%",0,"1,0%",1,"1,0%",1,"1,0%",0,0,0,0,0,0,1,0,1,3,1,1,0,0,2,2,1,1,0,1,1,0,0,0,0,0,0,0,0,0,0,0,0,0,0,0,0,0,0,0,1,7,5,3,22,20,1,0,0
Real Sociedad,Centrocampista,23,Sangalli ,28,1,"1,0%",0,"0,0%",0,"1,0%",0,"1,0%",0,0,0,0,0,0,1,0,0,2,0,0,0,0,1,1,0,1,0,1,0,0,0,0,0,0,0,0,0,0,0,0,0,0,0,0,0,0,1,0,1,4,3,1,10,9,1,0,0
Real Sociedad,Centrocampista,28,Roberto López,2,0,"0,0%",0,"0,0%",0,"0,0%",0,"0,0%",0,0,0,0,0,0,0,0,0,0,0,0,0,0,0,0,0,0,0,0,0,0,0,0,0,0,0,0,0,0,0,0,0,0,0,0,0,0,0,0,0,0,0,0,0,0,0,0,0
Real Sociedad,Centrocampista,31,Näis Djouahra,0,0,"0,0%",0,"0,0%",0,"0,0%",0,"0,0%",0,0,0,0,0,0,0,0,0,0,0,0,0,0,0,0,0,0,0,0,0,0,0,0,0,0,0,0,0,0,0,0,0,0,0,0,0,0,0,0,0,0,0,0,0,0,0,0,0
Real Sociedad,Centrocampista,34,Ander Barrenetxea,11,0,"22,0%",0,"0,0%",0,"11,0%",0,"22,0%",0,0,0,0,0,0,0,0,0,1,0,0,0,0,1,1,0,0,0,0,0,0,0,0,0,0,0,0,1,0,0,0,0,0,0,0,0,0,0,0,0,2,2,0,3,3,0,0,0
Real Sociedad,Centrocampista,36,Martín Zubimendi,0,0,"0,0%",0,"0,0%",0,"0,0%",0,"0,0%",0,0,0,0,0,0,0,0,0,0,0,0,0,0,0,0,0,0,0,0,0,0,0,0,0,0,0,0,0,0,0,0,0,0,0,0,0,0,0,0,0,0,0,0,0,0,0,0,0
Real Sociedad,Centrocampista,38,Zourdine Thior,0,0,"0,0%",0,"0,0%",0,"0,0%",0,"0,0%",0,0,0,0,0,0,0,0,0,0,0,0,0,0,0,0,0,0,0,0,0,0,0,0,0,0,0,0,0,0,0,0,0,0,0,0,0,0,0,0,0,0,0,0,0,0,0,0,0
Real Sociedad,Delantero,7,Juanmi,40,1,"78,0%",0,"16,0%",0,"43,0%",1,"62,0%",0,0,0,0,0,0,1,0,0,2,0,0,0,0,2,2,1,1,1,1,1,0,0,0,0,1,1,0,0,0,0,0,0,0,0,0,0,0,0,0,1,5,4,1,9,9,0,0,0
Real Sociedad,Delantero,10,Oyarzabal,83,1,"97,0%",1,"73,0%",1,"95,0%",0,"24,0%",0,0,0,0,0,0,1,0,0,4,1,1,0,0,3,5,1,2,0,1,1,0,0,0,0,1,1,0,1,1,0,0,0,0,3,0,0,0,1,1,1,11,8,3,24,23,1,0,0
Real Sociedad,Delantero,11,Januzaj,33,1,"51,0%",0,"22,0%",0,"35,0%",0,"30,0%",0,0,0,0,0,0,0,0,0,2,0,0,0,0,3,3,0,0,0,1,0,0,0,0,0,1,0,0,2,1,0,0,0,0,0,0,0,0,2,2,0,6,6,0,11,10,1,0,0
Real Sociedad,Delantero,12,Willian J.,63,1,"81,0%",1,"46,0%",1,"73,0%",0,"35,0%",0,0,0,0,0,0,1,0,0,2,1,0,0,0,1,3,1,1,1,1,1,0,0,0,0,1,1,0,1,0,0,0,0,0,5,0,0,0,0,0,0,6,4,2,20,17,2,0,0
Real Sociedad,Delantero,21,Bautista,18,1,"2,0%",0,"0,0%",0,"0,0%",1,"1,0%",0,0,0,0,0,0,0,0,0,0,0,0,0,0,1,1,2,2,0,0,0,0,0,0,0,1,0,0,0,0,0,0,0,0,0,0,0,0,0,0,0,5,2,4,4,4,0,0,0
Real Sociedad,Delantero,24,Sandro,30,1,"2,0%",0,"0,0%",0,"1,0%",1,"2,0%",0,0,0,0,0,0,1,0,0,2,0,0,0,0,2,2,0,0,0,1,1,0,0,0,0,1,0,0,0,1,0,0,0,0,0,0,0,0,1,1,1,4,3,1,10,10,0,0,0
SD Eibar,Portero,1,Dmitrović,57,1,"62,0%",1,"62,0%",1,"62,0%",0,"0,0%",0,0,0,0,0,0,1,0,0,7,1,0,0,0,0,0,0,0,0,0,0,0,0,0,0,0,0,0,0,0,0,0,0,0,0,0,0,0,0,0,0,0,0,0,18,2,16,0,0
SD Eibar,Portero,13,Riesgo,50,1,"2,0%",1,"2,0%",1,"2,0%",0,"0,0%",0,0,0,0,0,0,1,0,0,5,0,0,0,0,0,0,0,0,0,0,0,0,0,0,0,0,0,0,0,0,0,0,0,0,0,0,0,0,0,0,0,0,0,0,14,2,12,0,0
SD Eibar,Defensa,2,J. Calavera,0,0,"0,0%",0,"0,0%",0,"0,0%",0,"0,0%",0,0,0,0,0,0,0,0,0,0,0,0,0,0,0,0,0,0,0,0,0,0,0,0,0,0,0,0,0,0,0,0,0,0,0,0,0,0,0,0,0,0,0,0,0,0,0,0,0
SD Eibar,Defensa,3,Bigas,23,0,"1,0%",0,"1,0%",0,"1,0%",0,"1,0%",0,0,0,0,0,0,1,0,0,1,1,0,0,0,0,0,1,0,0,0,0,0,0,0,0,0,0,0,0,0,0,0,0,0,0,0,0,0,0,0,0,2,1,1,11,9,3,0,0
SD Eibar,Defensa,4,N. E. Ramis ,44,1,"54,0%",0,"35,0%",1,"51,0%",0,"19,0%",0,0,0,0,0,0,1,0,1,3,2,0,0,0,1,0,2,1,0,0,0,0,0,0,0,0,0,0,0,0,0,0,0,0,0,0,0,0,0,0,1,4,1,2,21,16,5,0,0
SD Eibar,Defensa,12,Paulo,59,1,"73,0%",1,"59,0%",1,"62,0%",0,"14,0%",0,0,0,0,0,0,1,0,1,3,3,1,0,0,2,1,2,1,0,0,1,0,0,0,0,0,0,0,0,0,0,0,0,0,0,0,0,0,0,0,1,6,3,3,27,18,8,0,0
SD Eibar,Defensa,15,Cote,80,1,"92,0%",1,"70,0%",1,"89,0%",0,"22,0%",0,0,0,0,0,0,1,0,1,6,3,1,1,0,3,2,1,1,0,0,1,0,0,0,0,0,0,0,1,0,0,0,0,0,0,0,0,0,6,1,2,8,5,2,39,28,12,0,0
SD Eibar,Defensa,20,Cucurella,62,1,"81,0%",1,"49,0%",1,"68,0%",0,"32,0%",0,0,0,0,0,0,1,0,1,4,0,1,0,0,2,3,1,2,0,0,1,0,0,0,0,0,0,0,0,1,0,0,0,0,0,0,0,0,2,0,1,8,5,3,22,21,1,0,0
SD Eibar,Defensa,23,Arbilla,70,1,"2,0%",1,"2,0%",1,"2,0%",0,"1,0%",0,0,0,0,0,0,1,0,2,5,3,1,0,0,2,1,2,2,0,0,1,0,0,0,0,0,0,0,0,0,0,0,0,0,0,0,0,0,0,0,1,6,3,4,40,28,12,0,0
SD Eibar,Centrocampista,5,Escalante,47,1,"84,0%",0,"30,0%",1,"46,0%",1,"54,0%",0,0,0,0,0,0,1,0,1,3,1,1,1,0,2,2,1,2,0,1,1,0,0,0,0,0,0,0,1,0,0,0,0,0,0,0,0,0,0,0,1,7,5,3,20,18,2,0,0
SD Eibar,Centrocampista,6,Sergio A.,28,1,"49,0%",0,"24,0%",0,"32,0%",0,"24,0%",0,0,0,0,0,0,0,0,0,2,1,1,0,0,1,1,1,1,0,0,1,0,0,0,0,0,0,0,0,0,0,0,0,0,0,0,0,0,0,0,1,4,2,2,13,11,2,0,0
SD Eibar,Centrocampista,8,P. Diop,69,1,"2,0%",1,"2,0%",1,"2,0%",0,"1,0%",0,0,0,0,0,0,1,0,1,5,1,1,1,0,4,3,3,2,0,1,2,0,0,0,1,1,0,0,1,0,0,0,0,0,0,0,0,0,0,0,2,12,7,5,33,29,4,0,0
SD Eibar,Centrocampista,11,R. Peña,76,1,"2,0%",1,"2,0%",1,"2,0%",0,"0,0%",0,0,0,0,0,0,1,0,1,6,1,1,1,0,5,3,1,1,0,1,1,0,0,0,0,0,0,0,2,1,0,0,0,0,0,0,0,0,6,0,2,9,8,1,39,31,8,0,0
SD Eibar,Centrocampista,14,Orellana,72,1,"86,0%",1,"62,0%",1,"81,0%",0,"24,0%",0,0,0,0,0,0,1,0,1,5,0,1,1,0,5,6,1,1,0,2,1,0,0,0,0,2,1,0,2,2,0,0,0,0,1,0,0,0,2,1,1,13,11,2,31,29,2,0,0
SD Eibar,Centrocampista,16,De Blasis,40,1,"62,0%",0,"32,0%",0,"41,0%",0,"30,0%",0,0,0,0,0,0,1,0,0,3,1,1,0,0,1,2,1,1,0,0,1,0,0,0,0,0,0,0,0,0,0,0,0,0,0,0,0,0,2,0,1,5,3,2,17,14,3,0,0
SD Eibar,Centrocampista,21,P. León,12,0,"1,0%",0,"0,0%",0,"0,0%",0,"1,0%",0,0,0,0,0,0,0,0,0,1,0,0,0,0,0,1,0,0,0,0,0,0,0,0,0,0,0,0,0,0,0,0,0,0,0,0,0,0,1,0,0,1,1,1,3,3,0,0,0
SD Eibar,Centrocampista,22,Pere Milla,10,0,"0,0%",0,"0,0%",0,"0,0%",0,"0,0%",0,0,0,0,0,0,0,0,0,1,0,0,0,0,0,1,0,0,0,0,0,0,0,0,0,0,0,0,0,0,0,0,0,0,0,0,0,0,0,0,0,2,1,1,3,3,0,0,0
SD Eibar,Centrocampista,24,Jordán,76,1,"95,0%",1,"65,0%",1,"84,0%",0,"30,0%",0,0,0,0,0,0,1,0,1,7,0,1,1,0,4,4,1,1,0,1,2,0,0,0,0,1,0,0,1,0,0,0,0,0,0,0,0,0,2,3,2,10,8,2,44,38,6,0,0
SD Eibar,Centrocampista,29,Miguel Marí,2,0,"0,0%",0,"0,0%",0,"0,0%",0,"0,0%",0,0,0,0,0,0,0,0,0,0,0,0,0,0,0,0,0,0,0,0,0,0,0,0,0,0,0,0,0,0,0,0,0,0,0,0,0,0,0,0,0,0,0,0,1,1,0,0,0
SD Eibar,Delantero,7,Marc,16,0,"43,0%",0,"3,0%",0,"16,0%",0,"41,0%",0,0,0,0,0,0,0,0,0,1,0,0,0,0,1,1,1,1,0,0,0,0,0,0,0,0,0,0,0,0,0,0,0,0,0,0,0,0,0,0,0,3,2,1,4,4,0,0,0
SD Eibar,Delantero,9,Sergi Enrich,68,1,"92,0%",0,"38,0%",1,"78,0%",1,"54,0%",0,0,0,0,0,0,1,0,0,3,0,0,0,0,2,3,5,6,1,1,2,0,0,0,0,2,0,0,0,0,0,0,0,0,0,0,0,0,0,0,1,15,5,11,24,24,1,0,0
SD Eibar,Delantero,17,Kike G.,34,1,"78,0%",0,"8,0%",0,"41,0%",1,"70,0%",0,0,0,0,0,0,1,0,0,1,0,0,0,0,1,2,2,3,0,1,1,0,0,0,0,1,0,0,0,0,0,0,0,0,0,0,0,0,0,0,0,7,2,5,10,10,0,0,0
SD Eibar,Delantero,19,Charles L.,46,1,"89,0%",0,"19,0%",0,"43,0%",1,"70,0%",0,0,0,0,0,0,1,0,0,1,0,0,0,0,1,2,3,3,0,1,1,0,0,0,0,2,1,0,0,0,0,0,0,0,6,0,0,0,0,0,0,9,3,6,14,14,0,0,0
SD Huesca,Portero,1,Javi Varas,0,0,"0,0%",0,"0,0%",0,"0,0%",0,"0,0%",0,0,0,0,0,0,0,0,0,0,0,0,0,0,0,0,0,0,0,0,0,0,0,0,0,0,0,0,0,0,0,0,0,0,0,0,0,0,0,0,0,0,0,0,0,0,0,0,0
SD Huesca,Portero,13,Santamaría,50,1,"2,0%",1,"2,0%",1,"2,0%",0,"0,0%",0,0,0,0,0,0,1,0,0,4,0,0,0,0,0,0,0,0,0,0,0,0,0,0,0,0,0,0,0,0,0,0,0,0,0,0,0,0,0,0,0,0,0,0,15,1,14,0,0
SD Huesca,Portero,25,Jovanović,28,0,"30,0%",0,"30,0%",0,"30,0%",0,"0,0%",0,0,0,0,0,0,1,0,0,2,0,0,0,0,0,0,0,0,0,0,0,0,0,0,0,0,0,0,0,0,0,0,0,0,0,0,0,0,0,0,0,0,0,0,8,1,7,0,0
SD Huesca,Defensa,2,Mantovani,18,0,"22,0%",0,"16,0%",0,"16,0%",0,"5,0%",0,0,0,0,0,0,1,0,1,1,1,0,0,0,1,0,1,0,0,0,0,0,0,0,0,0,0,0,0,0,0,0,0,0,0,0,0,0,0,0,0,2,1,1,6,5,1,0,0
SD Huesca,Defensa,3,Etxeita,71,1,"81,0%",1,"76,0%",1,"78,0%",0,"5,0%",0,0,0,0,0,0,1,1,1,3,4,1,1,0,2,1,2,2,0,0,1,0,0,0,1,1,0,0,0,0,0,0,0,0,0,0,0,0,0,0,1,7,3,4,23,18,5,0,0
SD Huesca,Defensa,4,Diéguez,20,0,"22,0%",0,"16,0%",0,"19,0%",0,"5,0%",0,0,0,0,0,0,0,0,0,1,1,0,0,0,1,1,1,0,0,0,0,0,0,0,0,0,0,0,0,0,0,0,0,0,0,0,0,0,0,0,0,2,1,1,5,4,1,0,0
SD Huesca,Defensa,14,J. Pulido,75,1,"2,0%",1,"2,0%",1,"2,0%",0,"0,0%",0,0,0,0,0,0,1,1,1,4,4,1,1,0,3,2,2,1,0,1,1,0,0,0,1,1,0,0,0,0,0,0,0,0,0,0,0,0,0,0,2,8,5,3,25,20,5,0,0
SD Huesca,Defensa,15,Akapo,41,1,"1,0%",0,"1,0%",1,"1,0%",0,"1,0%",0,0,0,0,0,0,1,0,1,2,1,1,1,0,2,2,1,1,0,1,1,0,0,0,0,0,0,0,0,0,0,0,0,0,0,0,0,0,0,0,1,5,3,1,14,12,2,0,0
SD Huesca,Defensa,16,Luisinho,14,0,"1,0%",0,"0,0%",0,"1,0%",0,"0,0%",0,0,0,0,0,0,0,0,0,1,0,0,0,0,1,1,0,0,0,0,0,0,0,0,0,0,0,0,0,0,0,0,0,0,0,0,0,0,0,0,0,1,1,0,5,5,1,0,0
SD Huesca,Defensa,18,Insua,34,0,"1,0%",0,"1,0%",0,"1,0%",0,"0,0%",0,0,0,0,0,0,0,0,1,1,2,0,1,0,1,1,1,1,0,0,1,0,0,0,0,0,0,0,0,0,0,0,0,0,0,0,0,0,0,0,1,4,2,2,11,9,2,0,0
SD Huesca,Defensa,24,Miramón,71,1,"2,0%",1,"2,0%",1,"2,0%",0,"0,0%",0,0,0,0,0,0,1,0,1,6,2,2,1,0,3,2,1,1,0,0,1,0,0,0,0,0,0,0,1,1,0,0,0,0,0,0,0,0,2,0,2,7,6,2,28,24,5,0,0
SD Huesca,Centrocampista,5,Aguilera,23,0,"1,0%",0,"0,0%",0,"1,0%",0,"1,0%",0,0,0,0,0,0,0,0,0,2,0,0,0,0,1,1,0,0,0,0,0,0,0,0,0,0,0,0,0,0,0,0,0,0,0,0,0,0,0,0,0,2,1,1,12,11,1,0,0
SD Huesca,Centrocampista,6,Moi Gómez,81,1,"95,0%",1,"73,0%",1,"92,0%",0,"22,0%",0,0,0,0,0,0,2,0,1,7,1,1,0,0,3,4,1,1,0,1,1,0,0,0,0,0,0,0,1,1,0,0,0,0,0,0,0,0,2,1,1,8,6,1,37,32,6,0,0
SD Huesca,Centrocampista,7,Ferreiro,62,1,"2,0%",1,"1,0%",1,"2,0%",1,"1,0%",0,0,0,0,0,0,1,0,1,4,0,1,0,0,3,4,0,1,1,1,1,0,0,0,1,1,0,0,1,0,0,0,0,0,0,0,0,0,5,2,1,7,6,1,20,18,2,0,0
SD Huesca,Centrocampista,8,Melero,35,1,"57,0%",0,"19,0%",0,"35,0%",0,"38,0%",0,0,0,0,0,0,1,0,0,3,1,1,0,0,1,2,1,1,0,0,1,0,0,0,0,1,0,0,0,0,0,0,0,0,1,0,0,0,0,0,1,5,4,1,19,18,1,0,0
SD Huesca,Centrocampista,10,Camacho,1,0,"5,0%",0,"0,0%",0,"0,0%",0,"5,0%",0,0,0,0,0,0,0,0,0,0,0,0,0,0,0,0,0,0,0,0,0,0,0,0,0,0,0,0,0,0,0,0,0,0,0,0,0,0,0,0,0,0,0,0,1,1,0,0,0
SD Huesca,Centrocampista,11,Álex Gallar,26,1,"65,0%",0,"8,0%",0,"27,0%",1,"57,0%",0,0,0,0,0,0,1,0,0,2,0,0,0,0,1,2,0,0,0,0,0,0,0,0,0,1,0,0,1,1,0,0,0,0,1,0,0,0,1,1,0,3,3,0,11,10,1,0,0
SD Huesca,Centrocampista,12,Javi Galán,38,0,"41,0%",0,"41,0%",0,"41,0%",0,"0,0%",0,0,0,0,0,0,1,0,1,3,1,1,1,0,3,2,0,1,0,1,0,0,0,0,0,0,0,0,1,1,0,0,0,0,0,0,0,0,2,0,2,6,5,1,10,9,2,0,0
SD Huesca,Centrocampista,17,Rivera,45,1,"57,0%",0,"35,0%",1,"49,0%",0,"22,0%",0,0,0,0,0,0,1,0,1,4,1,1,0,0,2,1,1,1,0,0,1,0,0,0,0,0,0,0,1,0,0,0,0,0,0,0,0,0,0,0,1,5,3,2,18,16,2,0,0
SD Huesca,Centrocampista,20,Juanpi,18,0,"35,0%",0,"0,0%",0,"19,0%",0,"35,0%",0,0,0,0,0,0,0,0,0,1,0,0,0,0,1,1,0,0,0,0,0,0,0,0,0,0,0,0,0,0,0,0,0,0,1,0,0,0,0,0,0,3,2,1,6,5,1,0,0
SD Huesca,Centrocampista,21,Herrera,31,0,"41,0%",0,"19,0%",0,"35,0%",0,"22,0%",0,0,0,0,0,0,1,0,0,2,1,1,1,0,2,2,1,1,0,1,1,0,0,0,0,0,0,0,0,0,0,0,0,0,0,0,0,0,0,0,1,6,5,1,11,10,1,0,0
SD Huesca,Centrocampista,23,Musto,46,1,"2,0%",0,"1,0%",1,"1,0%",0,"1,0%",0,0,0,0,0,0,1,0,1,3,1,1,1,0,2,2,1,1,0,1,1,0,0,0,1,0,0,0,0,0,0,0,0,0,0,0,0,0,0,0,1,6,4,2,21,18,3,0,0
SD Huesca,Delantero,9,Cucho Hernández,60,1,"2,0%",0,"1,0%",1,"2,0%",1,"2,0%",0,0,0,0,0,0,1,0,0,2,1,0,0,0,3,4,2,3,0,1,1,0,0,0,0,2,1,0,1,1,0,0,0,0,2,0,0,0,1,0,1,11,6,5,15,14,1,0,0
SD Huesca,Delantero,19,Chimy Ávila,52,1,"89,0%",0,"22,0%",1,"51,0%",1,"68,0%",0,0,0,0,0,0,1,0,0,2,1,0,0,0,2,3,2,2,0,1,1,0,0,0,0,2,1,0,1,1,0,0,0,0,1,0,0,0,1,0,1,9,5,4,14,11,3,0,0
SD Huesca,Delantero,22,Enric Gallego,41,1,"49,0%",0,"32,0%",0,"43,0%",0,"16,0%",0,0,0,0,0,0,1,0,0,1,1,0,0,0,2,3,3,3,1,1,1,0,0,0,0,1,0,0,0,1,0,0,0,0,0,0,0,0,0,0,1,10,4,6,10,10,0,0,0
Sevilla FC,Portero,1,Tomáš Vaclík,78,1,"86,0%",1,"86,0%",1,"89,0%",0,"0,0%",0,0,0,0,0,0,1,0,0,8,0,0,0,0,0,0,0,0,0,0,0,0,0,0,0,0,0,0,0,0,0,0,0,0,0,0,0,0,0,0,0,1,0,0,21,6,15,0,0
Sevilla FC,Portero,13,Juan Soriano,12,0,"0,0%",0,"0,0%",0,"0,0%",0,"0,0%",0,0,0,0,0,0,0,0,0,1,0,0,0,0,0,0,0,0,0,0,0,0,0,0,0,0,0,0,0,0,0,0,0,0,0,0,0,0,0,0,0,0,0,0,4,1,3,0,0
Sevilla FC,Portero,39,Javier Díaz,3,0,"0,0%",0,"0,0%",0,"0,0%",0,"0,0%",0,0,0,0,0,0,0,0,0,0,0,0,0,0,0,0,0,0,0,0,0,0,0,0,0,0,0,0,0,0,0,0,0,0,0,0,0,0,0,0,0,0,0,0,1,0,0,0,0
Sevilla FC,Defensa,3,Sergi Gómez,75,1,"2,0%",1,"2,0%",1,"2,0%",0,"0,0%",0,0,0,0,0,0,1,1,1,3,4,1,0,0,2,1,2,2,0,0,1,0,0,0,0,0,0,0,0,0,0,0,0,0,0,0,0,0,0,0,1,7,3,4,39,33,6,0,0
Sevilla FC,Defensa,4,Kjaer,53,1,"68,0%",0,"41,0%",1,"65,0%",0,"27,0%",0,0,0,0,0,0,1,1,1,3,4,1,0,0,1,1,2,1,0,0,1,0,0,0,0,0,0,0,0,0,0,0,0,0,0,0,0,0,0,0,1,5,2,3,24,20,4,0,0
Sevilla FC,Defensa,6,Carriço,61,1,"2,0%",1,"2,0%",1,"2,0%",0,"0,0%",0,0,0,0,0,0,1,0,1,3,3,1,1,0,1,1,2,1,0,0,1,0,0,0,0,0,0,0,0,0,0,0,0,0,0,0,0,0,0,0,1,6,3,3,29,24,5,0,0
Sevilla FC,Defensa,14,Maximilian Wöber,19,0,"1,0%",0,"1,0%",0,"1,0%",0,"0,0%",0,0,0,0,0,0,0,0,0,1,1,0,0,0,0,0,1,1,0,0,0,0,0,0,0,0,0,0,0,0,0,0,0,0,0,0,0,0,0,0,0,2,1,1,9,8,1,0,0
Sevilla FC,Defensa,18,Escudero,41,1,"54,0%",0,"27,0%",1,"46,0%",0,"27,0%",0,0,0,0,0,0,0,0,1,3,1,1,0,0,2,2,1,1,0,1,1,0,0,0,0,1,0,0,0,0,0,0,0,0,0,0,0,0,1,0,1,5,4,2,20,18,2,0,0
Sevilla FC,Defensa,23,Arana,29,0,"1,0%",0,"1,0%",0,"1,0%",0,"1,0%",0,0,0,0,0,0,0,0,0,2,0,0,0,0,1,1,0,0,0,0,0,0,0,0,0,0,0,0,0,0,0,0,0,0,0,0,0,0,1,0,1,2,2,0,10,10,1,0,0
Sevilla FC,Defensa,24,Gnagnon,12,0,"16,0%",0,"8,0%",0,"11,0%",0,"8,0%",0,0,0,0,0,0,0,0,0,1,0,0,0,0,1,0,1,0,0,0,0,0,0,0,0,0,0,0,0,0,0,0,0,0,0,0,0,0,0,0,0,2,1,1,7,6,1,0,0
Sevilla FC,Defensa,25,Mercado,46,1,"59,0%",0,"35,0%",1,"49,0%",0,"24,0%",0,0,0,0,0,0,1,0,1,2,2,1,0,0,1,1,1,1,0,1,1,0,0,0,0,0,0,0,0,0,0,0,0,0,0,0,0,0,0,0,1,5,3,2,20,17,3,0,0
Sevilla FC,Centrocampista,5,Amadou,20,0,"43,0%",0,"8,0%",0,"16,0%",0,"35,0%",0,0,0,0,0,0,0,0,0,1,1,1,0,0,1,1,1,0,0,0,0,0,0,0,0,0,0,0,0,0,0,0,0,0,0,0,0,0,0,0,1,3,2,1,9,8,1,0,0
Sevilla FC,Centrocampista,7,R. Mesa,47,1,"2,0%",0,"1,0%",1,"1,0%",1,"1,0%",0,0,0,0,0,0,1,0,0,4,0,1,1,0,3,3,0,1,0,1,1,0,0,0,1,1,0,0,1,0,0,0,0,0,0,0,0,0,1,0,1,6,6,1,25,23,2,0,0
Sevilla FC,Centrocampista,10,Banega,77,1,"2,0%",1,"1,0%",1,"2,0%",0,"1,0%",0,0,0,0,0,0,1,0,1,8,1,1,1,0,6,5,0,1,0,2,2,0,0,0,1,1,0,0,2,1,0,0,0,0,2,0,0,0,2,3,2,12,11,1,60,51,9,0,0
Sevilla FC,Centrocampista,11,Aleix Vidal,14,0,"27,0%",0,"5,0%",0,"11,0%",0,"22,0%",0,0,0,0,0,0,0,0,0,1,0,0,0,0,1,1,0,0,0,0,0,0,0,0,0,0,0,0,0,0,0,0,0,0,0,0,0,0,1,0,0,2,2,0,7,6,1,0,0
Sevilla FC,Centrocampista,15,Gonalons,15,0,"1,0%",0,"0,0%",0,"0,0%",0,"1,0%",0,0,0,0,0,0,0,0,0,1,0,0,0,0,1,1,1,0,0,0,1,0,0,0,0,0,0,0,0,0,0,0,0,0,0,0,0,0,0,0,0,2,2,1,9,8,1,0,0
Sevilla FC,Centrocampista,16,J. Navas,71,1,"84,0%",1,"73,0%",1,"81,0%",0,"11,0%",0,0,0,0,0,0,1,0,1,5,1,1,0,0,2,1,0,1,0,1,0,0,0,0,0,1,0,0,1,0,0,0,0,0,0,0,0,0,5,0,1,5,4,2,37,32,5,0,0
Sevilla FC,Centrocampista,17,Sarabia,74,1,"2,0%",1,"2,0%",1,"2,0%",0,"1,0%",0,0,0,0,0,0,1,0,1,4,0,0,0,0,3,4,0,1,1,1,1,0,0,0,0,2,1,0,1,1,0,0,0,0,1,0,0,0,3,3,1,8,7,1,33,31,2,0,0
Sevilla FC,Centrocampista,20,Marko Rog,9,0,"24,0%",0,"0,0%",0,"8,0%",0,"24,0%",0,0,0,0,0,0,0,0,0,1,0,0,0,0,1,1,0,0,0,0,0,0,0,0,0,0,0,0,0,0,0,0,0,0,0,0,0,0,0,0,0,2,1,1,5,5,0,0,0
Sevilla FC,Centrocampista,22,Vázquez,60,1,"89,0%",0,"35,0%",1,"68,0%",1,"54,0%",0,0,0,0,0,0,1,0,1,4,1,1,0,0,4,5,2,2,0,2,1,0,0,0,1,1,0,0,1,1,0,0,0,0,0,0,0,0,1,0,1,12,9,3,28,26,2,0,0
Sevilla FC,Centrocampista,41,Bryan Gil Salvatierra,4,0,"27,0%",0,"0,0%",0,"0,0%",0,"27,0%",0,0,0,0,0,0,0,0,0,0,0,0,0,0,1,1,0,0,0,0,0,0,0,0,0,0,0,0,0,0,0,0,0,0,0,0,0,0,0,0,0,1,1,0,2,2,0,0,0
Sevilla FC,Delantero,8,Nolito,2,0,"8,0%",0,"0,0%",0,"3,0%",0,"8,0%",0,0,0,0,0,0,0,0,0,0,0,0,0,0,0,0,0,0,0,0,0,0,0,0,0,0,0,0,0,0,0,0,0,0,0,0,0,0,0,0,0,0,0,0,1,1,0,0,0
Sevilla FC,Delantero,9,Ben Yedder,74,1,"92,0%",1,"54,0%",1,"81,0%",0,"38,0%",0,0,0,1,0,0,1,0,0,2,0,0,0,0,2,3,1,3,1,1,1,0,0,0,0,2,1,0,1,1,0,0,0,0,2,0,0,0,1,0,1,9,5,4,20,19,1,0,0
Sevilla FC,Delantero,12,André Silva,72,1,"2,0%",1,"2,0%",1,"2,0%",0,"1,0%",0,0,0,0,0,0,1,0,0,2,1,0,0,0,2,4,2,3,1,1,1,0,0,0,0,2,1,0,1,1,0,0,0,0,0,0,0,0,0,0,0,11,6,5,18,17,0,0,0
Sevilla FC,Delantero,19,Munir,31,1,"59,0%",0,"14,0%",0,"32,0%",0,"46,0%",0,0,0,0,0,0,1,0,0,1,0,0,0,0,2,1,1,1,0,1,1,0,0,0,0,1,0,0,0,0,0,0,0,0,0,0,0,0,1,0,1,4,3,1,10,9,0,0,0
Sevilla FC,Delantero,21,Promes,44,1,"2,0%",0,"1,0%",0,"1,0%",1,"2,0%",0,0,0,0,0,0,1,0,1,3,1,1,0,0,2,2,1,1,0,0,1,0,0,0,0,1,0,0,1,1,0,0,0,0,0,0,0,0,2,0,1,5,4,1,21,19,2,0,0
Valencia CF,Portero,1,Domenech,10,0,"8,0%",0,"8,0%",0,"8,0%",0,"0,0%",0,0,0,0,0,0,0,0,0,1,0,0,0,0,0,0,0,0,0,0,0,0,0,0,0,0,0,0,0,0,0,0,0,0,0,0,0,0,0,0,0,0,0,0,2,0,2,0,0
Valencia CF,Portero,13,Neto,85,1,"2,0%",1,"2,0%",1,"2,0%",0,"0,0%",0,0,0,0,0,0,1,0,0,8,1,0,0,0,0,0,0,0,0,0,0,0,0,0,0,0,0,0,0,0,0,0,0,0,0,0,0,0,0,0,0,0,0,0,19,4,15,0,0
Valencia CF,Defensa,4,Roncaglia,48,1,"1,0%",1,"1,0%",1,"1,0%",0,"0,0%",0,0,0,0,0,0,1,0,1,3,2,1,1,0,2,1,1,1,0,0,1,0,0,0,0,0,0,0,0,0,0,0,0,0,0,0,0,0,0,0,1,5,3,2,23,20,3,0,0
Valencia CF,Defensa,5,Gabriel Paulista,69,1,"78,0%",1,"73,0%",1,"78,0%",0,"5,0%",0,0,0,0,0,0,1,1,2,4,4,0,0,0,2,1,2,1,0,1,1,0,0,0,0,0,0,0,0,0,0,0,0,0,0,0,0,0,0,0,1,5,3,2,34,29,5,0,0
Valencia CF,Defensa,12,Diakhaby,41,1,"57,0%",0,"41,0%",0,"41,0%",0,"16,0%",0,0,0,0,0,0,1,0,1,3,3,0,0,0,1,1,1,1,0,0,1,0,0,0,0,0,0,0,0,0,0,0,0,0,0,0,0,0,0,0,0,3,1,2,18,16,2,0,0
Valencia CF,Defensa,14,Gayá,83,1,"92,0%",1,"89,0%",1,"92,0%",0,"3,0%",0,0,0,0,0,0,1,0,1,5,3,2,1,0,5,3,1,1,0,1,1,0,0,0,0,0,0,0,1,1,0,0,0,0,0,0,0,0,3,0,2,10,8,2,38,34,4,0,0
Valencia CF,Defensa,15,Lato,8,0,"0,0%",0,"0,0%",0,"0,0%",0,"0,0%",0,0,0,0,0,0,0,0,0,1,0,0,0,0,0,0,0,0,0,0,0,0,0,0,0,0,0,0,0,0,0,0,0,0,0,0,0,0,0,0,0,1,1,0,4,4,0,0,0
Valencia CF,Defensa,21,Piccini ,51,1,"2,0%",1,"1,0%",1,"2,0%",0,"0,0%",0,0,0,0,0,0,1,0,1,3,2,1,0,0,2,2,1,1,0,0,1,0,0,0,0,0,0,0,1,1,0,0,0,0,0,0,0,0,1,0,1,5,4,1,21,19,2,0,0
Valencia CF,Defensa,24,Garay,58,1,"2,0%",1,"2,0%",1,"2,0%",0,"0,0%",0,0,0,0,0,0,1,1,1,2,4,1,0,0,1,1,2,1,0,0,1,0,0,0,0,0,0,0,0,0,0,0,0,0,0,0,0,0,0,0,1,5,2,3,29,24,5,0,0
Valencia CF,Defensa,36,Hugo Guillamón,0,0,"0,0%",0,"0,0%",0,"0,0%",0,"0,0%",0,0,0,0,0,0,0,0,0,0,0,0,0,0,0,0,0,0,0,0,0,0,0,0,0,0,0,0,0,0,0,0,0,0,0,0,0,0,0,0,0,0,0,0,0,0,0,0,0
Valencia CF,Centrocampista,6,Kondogbia,33,1,"49,0%",0,"27,0%",0,"38,0%",0,"22,0%",0,0,0,0,0,0,0,0,1,3,1,1,0,0,2,2,1,1,0,1,1,0,0,0,0,0,0,0,1,0,0,0,0,0,0,0,0,0,0,0,1,5,4,1,20,17,3,0,0
Valencia CF,Centrocampista,7,Gonçalo Guedes,39,1,"65,0%",0,"11,0%",1,"46,0%",1,"54,0%",0,0,0,0,0,0,0,0,0,2,0,0,1,0,3,2,0,0,0,1,1,0,0,0,0,1,0,0,1,1,0,0,0,0,0,0,0,0,1,0,1,6,5,1,16,15,1,0,0
Valencia CF,Centrocampista,8,Carlos Soler,65,1,"81,0%",1,"46,0%",1,"70,0%",0,"35,0%",0,0,0,0,0,0,1,0,1,4,1,1,0,0,3,4,1,1,0,1,1,0,0,0,1,1,0,0,1,1,0,0,0,0,0,0,0,0,2,0,1,9,7,1,24,22,2,0,0
Valencia CF,Centrocampista,10,Parejo,81,1,"95,0%",1,"84,0%",1,"92,0%",0,"11,0%",0,0,0,0,0,0,1,0,1,7,1,1,1,0,4,3,1,1,0,1,1,0,0,0,0,1,1,0,1,0,0,0,0,0,5,0,0,0,1,5,2,9,7,1,58,51,7,0,0
Valencia CF,Centrocampista,11,Chéryshev,52,1,"2,0%",0,"1,0%",1,"2,0%",1,"1,0%",0,0,0,0,0,0,1,0,1,3,0,1,0,0,3,3,1,1,0,1,1,0,0,0,0,1,0,0,1,1,0,0,0,0,0,0,0,0,3,0,1,8,5,2,18,17,2,0,0
Valencia CF,Centrocampista,16,Lee Kang-In,1,0,"0,0%",0,"0,0%",0,"0,0%",0,"0,0%",0,0,0,0,0,0,0,0,0,0,0,0,0,0,0,0,0,0,0,0,0,0,0,0,0,0,0,0,0,0,0,0,0,0,0,0,0,0,0,0,0,0,0,0,0,0,0,0,0
Valencia CF,Centrocampista,17,Coquelin,47,1,"68,0%",0,"24,0%",1,"51,0%",0,"43,0%",0,0,0,0,0,0,0,0,1,4,1,1,0,0,3,2,1,1,0,1,1,0,0,0,0,0,0,0,1,0,0,0,0,0,0,0,0,0,0,0,1,6,5,2,25,22,3,0,0
Valencia CF,Centrocampista,18,Wass,62,1,"84,0%",1,"46,0%",1,"68,0%",0,"38,0%",0,0,0,0,0,0,1,0,1,3,1,1,0,0,2,2,1,1,0,1,1,0,0,0,0,1,0,0,0,0,0,0,0,0,0,0,0,0,2,0,1,6,4,3,30,27,3,0,0
Valencia CF,Centrocampista,37,Fran Navarro,0,0,"0,0%",0,"0,0%",0,"0,0%",0,"0,0%",0,0,0,0,0,0,0,0,0,0,0,0,0,0,0,0,0,0,0,0,0,0,0,0,0,0,0,0,0,0,0,0,0,0,0,0,0,0,0,0,0,0,0,0,0,0,0,0,0
Valencia CF,Delantero,9,Gameiro,42,1,"86,0%",0,"19,0%",0,"43,0%",1,"68,0%",0,0,0,0,0,0,1,0,0,1,0,0,0,0,1,2,0,1,0,0,0,0,0,0,0,1,0,0,0,0,0,0,0,0,0,0,0,0,0,0,0,4,3,1,11,11,0,0,0
Valencia CF,Delantero,19,Rodrigo,67,1,"86,0%",1,"54,0%",1,"76,0%",0,"32,0%",0,0,0,0,0,0,1,0,0,2,0,0,0,0,3,3,1,2,0,1,1,0,0,0,0,2,1,0,1,1,0,0,0,0,0,0,0,0,1,0,1,9,5,3,22,20,1,0,0
Valencia CF,Delantero,20,Ferrán,22,1,"62,0%",0,"3,0%",0,"22,0%",1,"59,0%",0,0,0,0,0,0,0,0,0,1,0,0,0,0,1,1,1,1,0,0,1,0,0,0,0,0,0,0,0,0,0,0,0,0,0,0,0,0,1,0,0,4,2,1,8,7,1,0,0
Valencia CF,Delantero,22,S. Mina,49,1,"78,0%",0,"24,0%",1,"59,0%",1,"54,0%",0,0,0,0,0,0,1,0,0,1,1,0,0,0,2,3,1,2,0,1,1,0,0,0,0,1,1,0,0,1,0,0,0,0,0,0,0,0,0,0,0,8,5,3,12,12,1,0,0
Valencia CF,Delantero,23,Sobrino,33,1,"2,0%",0,"0,0%",0,"1,0%",1,"2,0%",0,0,0,0,0,0,1,0,0,1,0,0,0,0,2,2,1,2,0,1,1,0,0,0,0,1,0,0,1,1,0,0,0,0,0,0,0,0,0,0,1,6,4,3,8,8,0,0,0
Villarreal CF,Portero,1,S. Asenjo ,90,1,"3,0%",1,"3,0%",1,"3,0%",0,"0,0%",0,0,0,0,0,0,1,0,0,8,1,0,0,0,0,0,0,0,0,0,0,0,0,0,0,0,0,0,0,0,0,0,0,0,0,0,0,0,0,0,0,0,0,0,21,7,15,0,0
Villarreal CF,Portero,13,Andrés Fdez,14,0,"14,0%",0,"14,0%",0,"14,0%",0,"0,0%",0,0,0,0,0,0,0,0,0,1,0,0,0,0,0,0,0,0,0,0,0,0,0,0,0,0,0,0,0,0,0,0,0,0,0,0,0,0,0,0,0,0,0,0,5,2,3,0,0
Villarreal CF,Portero,25,Barbosa,0,0,"0,0%",0,"0,0%",0,"0,0%",0,"0,0%",0,0,0,0,0,0,0,0,0,0,0,0,0,0,0,0,0,0,0,0,0,0,0,0,0,0,0,0,0,0,0,0,0,0,0,0,0,0,0,0,0,0,0,0,0,0,0,0,0
Villarreal CF,Defensa,,Quintillà,17,0,"16,0%",0,"14,0%",0,"16,0%",0,"3,0%",0,0,0,0,0,0,0,0,0,1,0,0,0,0,0,0,0,0,0,0,0,0,0,0,0,0,0,0,0,0,0,0,0,0,0,0,0,0,1,0,0,1,1,0,7,7,1,0,0
Villarreal CF,Defensa,2,Mario Gaspar,70,1,"2,0%",1,"2,0%",1,"2,0%",0,"0,0%",0,0,0,0,0,0,1,0,1,3,2,1,1,0,2,3,2,1,0,0,1,0,0,0,1,0,0,0,0,0,0,0,0,0,0,0,0,0,1,0,2,8,5,3,29,25,3,0,0
Villarreal CF,Defensa,3,Álvaro ,78,1,"86,0%",1,"81,0%",1,"86,0%",0,"5,0%",0,0,0,0,0,0,1,1,1,3,5,1,0,0,2,1,2,1,0,1,1,0,0,0,1,0,0,0,0,0,0,0,0,0,0,0,0,0,0,0,1,7,3,4,39,32,8,0,0
Villarreal CF,Defensa,4,Funes Mori,69,1,"81,0%",1,"70,0%",1,"76,0%",0,"11,0%",0,0,0,0,0,0,1,1,1,5,4,1,0,0,2,2,2,1,0,1,1,0,0,0,1,0,0,0,0,0,0,0,0,0,0,0,0,0,0,0,1,6,3,3,32,25,7,0,0
Villarreal CF,Defensa,6,Víctor Ruiz,64,1,"2,0%",1,"2,0%",1,"2,0%",0,"0,0%",0,0,0,0,0,0,1,1,1,4,2,1,0,0,2,1,2,1,0,0,1,0,0,0,1,0,0,0,0,0,0,0,0,0,0,0,0,0,0,0,1,5,3,3,39,33,6,0,0
Villarreal CF,Defensa,11,J. Costa,39,1,"54,0%",0,"30,0%",1,"46,0%",0,"24,0%",0,0,0,0,0,0,1,0,1,2,1,1,0,0,2,1,1,1,0,1,1,0,0,0,0,0,0,0,0,0,0,0,0,0,0,0,0,0,1,0,1,4,3,1,21,18,2,0,0
Villarreal CF,Defensa,15,Miguelón,19,0,"1,0%",0,"0,0%",0,"1,0%",0,"1,0%",0,0,0,0,0,0,0,0,0,1,1,1,0,0,1,1,0,0,0,0,1,0,0,0,0,0,0,0,0,0,0,0,0,0,0,0,0,0,1,0,1,3,3,1,6,5,1,0,0
Villarreal CF,Defensa,23,Bonera,8,0,"1,0%",0,"0,0%",0,"0,0%",0,"0,0%",0,0,0,0,0,0,0,0,0,0,0,0,0,0,0,0,0,0,0,0,0,0,0,0,0,0,0,0,0,0,0,0,0,0,0,0,0,0,0,0,0,0,0,0,3,3,0,0,0
Villarreal CF,Centrocampista,,Manuel Morlanes,16,0,"24,0%",0,"3,0%",0,"19,0%",0,"22,0%",0,0,0,0,0,0,0,0,0,1,0,0,0,0,1,1,0,0,0,0,0,0,0,0,0,0,0,0,0,0,0,0,0,0,0,0,0,0,0,0,1,2,2,1,8,8,1,0,0
Villarreal CF,Centrocampista,5,Cáseres,45,1,"2,0%",0,"1,0%",1,"1,0%",0,"1,0%",0,0,0,0,0,0,1,0,0,3,1,1,1,0,3,2,1,1,0,0,1,0,0,0,0,0,0,0,0,0,0,0,0,0,0,0,0,0,0,0,2,7,5,2,25,22,3,0,0
Villarreal CF,Centrocampista,8,P. Fornals,67,1,"2,0%",1,"1,0%",1,"2,0%",0,"1,0%",0,0,0,0,0,0,1,0,1,4,0,1,1,0,4,4,1,2,0,1,1,0,0,0,0,1,1,0,1,1,0,0,0,0,0,0,0,0,1,0,1,10,7,2,31,28,2,0,0
Villarreal CF,Centrocampista,10,Iborra,44,1,"49,0%",0,"43,0%",1,"49,0%",0,"5,0%",0,0,0,0,0,0,1,0,1,3,1,1,0,0,2,2,2,2,0,1,1,0,0,0,0,0,0,0,0,0,0,0,0,0,0,0,0,0,0,0,1,8,4,4,21,19,1,0,0
Villarreal CF,Centrocampista,14,M. Trigueros,41,1,"62,0%",0,"30,0%",1,"46,0%",0,"32,0%",0,0,0,0,0,0,1,0,0,3,0,1,0,0,2,2,1,1,0,1,1,0,0,0,0,0,0,0,0,0,0,0,0,0,0,0,0,0,0,0,1,5,4,1,26,23,2,0,0
Villarreal CF,Centrocampista,16,Pedraza,55,1,"89,0%",0,"43,0%",1,"57,0%",0,"46,0%",0,0,0,0,0,0,1,0,1,3,1,1,0,0,3,3,1,1,0,0,1,0,0,0,0,1,0,0,1,1,0,0,0,0,0,0,0,0,3,0,2,7,6,2,19,17,2,0,0
Villarreal CF,Centrocampista,18,Javi Fuego,6,0,"11,0%",0,"0,0%",0,"5,0%",0,"11,0%",0,0,0,0,0,0,0,0,0,0,0,0,0,0,0,0,0,0,0,0,0,0,0,0,0,0,0,0,0,0,0,0,0,0,0,0,0,0,0,0,0,1,1,0,4,3,0,0,0
Villarreal CF,Centrocampista,19,S. Cazorla,70,1,"92,0%",1,"57,0%",1,"81,0%",0,"35,0%",0,0,0,0,0,0,1,0,1,5,0,1,1,0,5,4,0,1,0,2,1,0,0,0,0,1,0,0,1,1,0,0,0,0,2,0,0,0,2,3,2,9,8,1,41,36,5,0,0
Villarreal CF,Centrocampista,21,Bruno,0,0,"0,0%",0,"0,0%",0,"0,0%",0,"0,0%",0,0,0,0,0,0,0,0,0,0,0,0,0,0,0,0,0,0,0,0,0,0,0,0,0,0,0,0,0,0,0,0,0,0,0,0,0,0,0,0,0,0,0,0,0,0,0,0,0
Villarreal CF,Centrocampista,22,Raba,5,0,"19,0%",0,"0,0%",0,"3,0%",0,"19,0%",0,0,0,0,0,0,0,0,0,0,0,0,0,0,0,1,0,0,0,0,0,0,0,0,0,0,0,0,0,0,0,0,0,0,0,0,0,0,0,0,0,1,1,0,2,2,0,0,0
Villarreal CF,Centrocampista,30,Samuel Chukwueze,46,1,"2,0%",0,"1,0%",1,"1,0%",1,"1,0%",0,0,0,0,0,0,1,0,0,3,0,0,0,0,3,3,0,1,1,1,1,0,0,0,0,1,1,0,1,1,0,0,0,0,0,0,0,0,1,0,1,7,6,1,14,13,1,0,0
Villarreal CF,Centrocampista,37,Iván Martín,0,0,"0,0%",0,"0,0%",0,"0,0%",0,"0,0%",0,0,0,0,0,0,0,0,0,0,0,0,0,0,0,0,0,0,0,0,0,0,0,0,0,0,0,0,0,0,0,0,0,0,0,0,0,0,0,0,0,0,0,0,0,0,0,0,0
Villarreal CF,Centrocampista,42,Andrei Ratiu,0,0,"0,0%",0,"0,0%",0,"0,0%",0,"0,0%",0,0,0,0,0,0,0,0,0,0,0,0,0,0,0,0,0,0,0,0,0,0,0,0,0,0,0,0,0,0,0,0,0,0,0,0,0,0,0,0,0,0,0,0,0,0,0,0,0
Villarreal CF,Delantero,7,Gerard,61,1,"92,0%",0,"43,0%",1,"68,0%",1,"49,0%",0,0,0,0,0,0,1,0,0,2,1,0,0,0,2,3,2,2,1,1,1,0,0,0,0,1,1,0,1,1,0,0,0,0,0,0,0,0,1,0,1,9,6,3,20,18,2,0,0
Villarreal CF,Delantero,9,Bacca,33,1,"86,0%",0,"5,0%",0,"30,0%",1,"81,0%",0,0,0,0,0,0,0,0,0,1,0,0,0,0,1,2,1,1,0,0,1,0,0,0,0,1,0,0,0,0,0,0,0,0,1,0,0,0,0,0,0,3,2,1,7,7,0,0,0
Villarreal CF,Delantero,17,Toko Ekambi,58,1,"2,0%",0,"1,0%",1,"2,0%",1,"2,0%",0,0,0,0,0,0,1,0,0,2,0,0,0,0,3,3,1,1,1,1,1,0,0,0,0,1,1,0,1,1,0,0,0,0,0,0,0,0,1,0,0,7,5,2,14,13,1,0,0
